authors_id;books_id;royalty_percentage;authors_name;nationality;birth_year;books_title;genre;publication_year;awards_id;award_name;year
302;899;1.8;Dawn Nelson;Canada;1994;Now seek.;Fiction;2021;4;machine;1985
78;222;0.16;Darlene Perez;USA;1960;Already fish.;Fiction;1992;41;beyond;2003
286;40;4.91;Molly Thompson;Australia;1964;Either oil skill.;Mystery;2017;43;list;2012
121;928;4.43;Terri Garcia;Canada;1983;Group practice.;Non-fiction;1991;19;build;2000
1;655;8.35;David Richardson;UK;1965;Help speak at.;Sci-Fi;1987;3;authority;2011
181;555;9.64;Amanda Thompson;Canada;1971;Traditional dream.;Sci-Fi;2011;9;behind;1997
283;827;6;Joshua Fisher;USA;1994;Western.;Sci-Fi;1988;47;his;1980
64;726;2.97;John Mccoy Jr.;Canada;1961;Determine reality back.;Fiction;1980;40;at;2007
228;672;0.88;Nicholas Sims;Australia;1990;Both.;Sci-Fi;1981;35;wall;2019
202;851;4.02;Keith Martinez;UK;1953;Health police occur.;Sci-Fi;2000;6;put;1993
395;413;3.48;Todd Carter;Canada;1966;Design address own.;Fiction;1995;39;tend;1994
380;925;0.28;Dakota Thompson;USA;1953;Bank but.;Sci-Fi;2008;31;indeed;2011
320;724;0.83;Ronald Weber;Canada;1991;Fish available.;Fiction;2000;5;operation;2005
239;509;2.26;Traci Martin;USA;1973;Provide understand guy.;Sci-Fi;1989;14;owner;1993
37;652;9.86;Laura Downs;Australia;1954;Mention.;Mystery;2004;21;concern;2005
197;746;1.27;Catherine Wu;Canada;1979;Capital.;Fiction;1996;36;event;2005
8;266;3.2;Thomas Castillo;USA;1978;Spend national house.;Mystery;2006;44;example;2005
153;697;1.6;Bradley Jackson;USA;1965;Current down.;Mystery;1989;45;live;1999
165;585;1.27;Lisa Wagner;Canada;1968;Specific interesting skin.;Mystery;2010;1;security;1994
291;995;7.15;Samantha Simmons;USA;1999;Particularly however before eat.;Non-fiction;2001;13;one;1986
14;22;8.24;Tiffany Stewart;Canada;1991;Deep brother.;Mystery;2021;15;describe;1986
353;316;6.7;Jon Parker;Canada;1996;Rest.;Non-fiction;2021;31;indeed;2011
8;681;6.08;Thomas Castillo;USA;1978;But probably during.;Mystery;1982;14;owner;1993
118;361;1.36;Frances Valdez;UK;1950;Author idea.;Non-fiction;1984;9;behind;1997
34;367;8.62;Brittany Murphy;Canada;1988;Traditional rise.;Non-fiction;1981;37;gun;2016
63;449;0.74;Brian Thompson;USA;1996;Force.;Sci-Fi;2007;44;example;2005
291;551;9.41;Samantha Simmons;USA;1999;Three meeting well.;Sci-Fi;1991;47;his;1980
6;643;4.03;Charles White;USA;1954;However study some.;Fiction;1983;6;put;1993
160;174;8.97;Grant Alexander;UK;1975;Must bad movie.;Sci-Fi;1992;21;concern;2005
90;272;0.05;James Miller II;UK;1989;Country how.;Fiction;2001;1;security;1994
325;510;5.75;Hannah James;UK;1958;Instead hot laugh.;Fiction;2015;44;example;2005
257;175;2.8;Valerie Johnson;UK;1960;Fund leader.;Mystery;1995;13;one;1986
332;137;8.66;Kendra Carr;Canada;1950;However against.;Sci-Fi;2007;33;social;2002
162;939;9.17;Jesse Watson;USA;1990;Future second beat.;Mystery;1989;41;beyond;2003
284;912;3.66;Kayla Buck;Australia;1974;Section good agreement.;Fiction;2014;46;drop;2005
12;96;4.24;James Wallace;USA;1974;Game right tax.;Sci-Fi;1989;30;possible;1994
32;620;2.42;Heather Roberts;UK;1999;Account so.;Fiction;2010;49;road;1994
398;103;8.61;Paul Smith;Canada;1952;Pressure establish west.;Fiction;1994;7;exist;1992
56;934;0.18;Renee Garcia;UK;1964;Voice.;Mystery;2013;16;apply;1997
99;273;9.8;Sandra Sullivan;Australia;1953;Culture section hotel happy.;Sci-Fi;2011;45;live;1999
105;301;2.94;Mrs. Lindsey Perkins MD;Australia;1956;Low identify.;Sci-Fi;2013;6;put;1993
106;506;8.33;Savannah Craig;UK;1955;Job reduce group national.;Mystery;1980;27;sound;2022
63;131;6.78;Brian Thompson;USA;1996;Various several at.;Mystery;1982;7;exist;1992
261;854;2.72;Karen Barajas;UK;1985;Morning that.;Mystery;1980;14;owner;1993
241;504;7.04;Andrew Shaffer;Australia;1999;Find suffer because.;Fiction;2010;37;gun;2016
275;88;9.54;Shirley Webster;Australia;1959;He somebody international down.;Non-fiction;1993;22;seem;2013
313;861;9.81;Dawn Aguirre;USA;1988;Leader human.;Fiction;1986;14;owner;1993
336;833;9.77;Johnny Schultz;USA;1998;Itself teacher.;Mystery;2012;45;live;1999
240;75;3.85;Robert Jensen;UK;1958;Pass amount as.;Mystery;2006;26;customer;2014
302;954;8.09;Dawn Nelson;Canada;1994;Protect store behind.;Sci-Fi;2016;30;possible;1994
5;878;6.35;Corey Cook;UK;1956;Participant billion sea.;Mystery;1986;32;say;1998
71;826;0.57;Amanda Freeman;UK;1953;Section turn sense.;Fiction;2020;6;put;1993
113;333;9.16;Daniel Irwin;Canada;1954;Ready north stuff girl.;Non-fiction;2000;48;high;2003
82;82;4.83;Robert Carrillo;UK;1959;Sit able.;Fiction;1988;29;write;2013
69;238;8.9;Cynthia Santos;Canada;1951;Ok concern.;Mystery;2018;4;machine;1985
125;177;6.59;Mary Brown;Canada;1960;Crime blue strategy.;Mystery;1981;38;maintain;1986
71;515;5.53;Amanda Freeman;UK;1953;Treat why rest.;Non-fiction;2003;5;operation;2005
227;560;9.06;Thomas Powers;Australia;1973;Alone notice listen.;Mystery;1995;16;apply;1997
334;98;5.78;Lance Weaver;Canada;1982;Institution those.;Mystery;1996;23;produce;2005
69;780;6.49;Cynthia Santos;Canada;1951;School receive despite.;Non-fiction;1991;2;create;2020
177;923;1.2;James Olson;Canada;1979;Black eight.;Sci-Fi;2017;47;his;1980
24;763;5.21;Sarah Moore;Canada;1977;Say upon.;Non-fiction;2019;39;tend;1994
243;252;4.53;Jay Mitchell;Canada;1951;Explain probably seek ever.;Non-fiction;2018;50;bring;1999
94;925;4.17;Sandy Callahan;Australia;1983;Bank but.;Sci-Fi;2008;31;indeed;2011
197;280;1.75;Catherine Wu;Canada;1979;Of generation.;Sci-Fi;2012;19;build;2000
372;539;3.46;Mr. Ricky Mills PhD;USA;1963;Role develop evidence.;Fiction;1984;38;maintain;1986
320;245;9.26;Ronald Weber;Canada;1991;Stage central career issue.;Fiction;1992;7;exist;1992
128;697;4.02;Samuel Harris;Australia;1951;Current down.;Mystery;1989;45;live;1999
91;818;5.9;Brian Graham;Australia;1987;Lay notice.;Non-fiction;2018;18;bed;2012
65;964;6.49;Cynthia Powell;USA;1964;Fact yeah.;Non-fiction;1990;47;his;1980
136;692;3.92;Michael Sherman;UK;1974;Live color yourself.;Mystery;1992;12;five;1993
183;142;3.95;Martha Nelson;Canada;1954;Part glass majority.;Sci-Fi;2011;23;produce;2005
49;192;2.9;Jaime Glenn;Australia;1994;Data many.;Mystery;2013;5;operation;2005
271;997;3;Gregory Fowler;USA;1972;Since game argue.;Fiction;1995;28;those;1995
132;704;3.88;Troy Ferguson;Australia;1958;Degree understand.;Non-fiction;2006;27;sound;2022
56;671;1.48;Renee Garcia;UK;1964;Only middle.;Non-fiction;2005;9;behind;1997
62;163;7.23;Steven Baker;Canada;1956;Growth home rock.;Mystery;1987;22;seem;2013
225;935;1.61;Mary Mitchell;UK;1970;Reflect movement type.;Sci-Fi;1982;23;produce;2005
248;607;0.4;Jesus Nunez;USA;1960;Government peace.;Fiction;1996;21;concern;2005
210;577;5.65;Carrie Brown;Canada;1986;Rest view.;Fiction;1983;10;center;2005
340;610;0.59;Carolyn Brown;UK;1985;Big garden everything.;Sci-Fi;2004;42;great;2005
227;873;0.5;Thomas Powers;Australia;1973;Itself alone million.;Non-fiction;1984;32;say;1998
133;161;7.83;Alexander Grant;Australia;1956;Model fish.;Fiction;1996;11;attorney;2002
241;356;7.94;Andrew Shaffer;Australia;1999;Plant so.;Non-fiction;1996;33;social;2002
192;403;6.99;Adrienne Norris DVM;UK;1983;Summer figure.;Mystery;1984;17;record;1982
348;557;7.82;Eric Zimmerman;USA;1996;Finally just cause.;Fiction;2017;32;say;1998
261;848;3.9;Karen Barajas;UK;1985;Reach student.;Non-fiction;2018;50;bring;1999
88;951;4.28;Michael Miller;UK;1958;Guess character perform.;Sci-Fi;2005;45;live;1999
29;893;1.87;Robert Orr;Canada;1958;Guess such central.;Non-fiction;2019;14;owner;1993
304;262;7.65;Dennis Murillo;Australia;1984;Easy much lead.;Fiction;2015;36;event;2005
3;602;1.94;Chelsea Palmer;UK;1987;Relate.;Mystery;1988;5;operation;2005
378;973;6.26;Kara Davis;USA;1989;Call also up.;Sci-Fi;2006;42;great;2005
283;371;1.61;Joshua Fisher;USA;1994;Issue including remain.;Non-fiction;2017;7;exist;1992
307;637;0.57;Jason Ross;USA;1989;Mind together character.;Fiction;1981;5;operation;2005
317;104;8.66;Christine Herring;Canada;1968;Happen recently serious.;Non-fiction;2006;12;five;1993
94;74;9.23;Sandy Callahan;Australia;1983;Charge land evening.;Fiction;2004;41;beyond;2003
199;738;3.77;Robert Davidson;USA;1991;Participant population room.;Mystery;2010;46;drop;2005
176;848;1.45;Angela Sanders;Canada;1982;Reach student.;Non-fiction;2018;50;bring;1999
154;221;1.37;Heather Rodriguez;Australia;1954;Development face.;Non-fiction;1992;42;great;2005
169;492;8.09;Brandy Mcdonald;USA;1996;My decade.;Non-fiction;1997;49;road;1994
91;768;2.28;Brian Graham;Australia;1987;Much cut.;Mystery;1989;49;road;1994
10;939;4.7;Gregory Lee;Australia;1962;Future second beat.;Mystery;1989;41;beyond;2003
315;370;8.97;Anna Choi;Australia;1960;Power small.;Mystery;2018;2;create;2020
177;730;3.04;James Olson;Canada;1979;Less soon half.;Fiction;1982;34;hair;2004
160;838;0.39;Grant Alexander;UK;1975;Product its quite.;Sci-Fi;1998;2;create;2020
51;975;5.38;Bethany Harris;USA;1966;Station suggest after.;Non-fiction;2008;47;his;1980
243;959;1.84;Jay Mitchell;Canada;1951;Personal easy.;Mystery;2010;26;customer;2014
23;282;9.25;Dustin Lewis;Canada;1962;According street remain.;Mystery;2002;16;apply;1997
178;531;6.17;Robert Gross;UK;1970;Offer girl mother.;Fiction;2001;39;tend;1994
235;132;7.97;Debra Trevino;Canada;1983;With goal very.;Sci-Fi;2012;25;ever;1980
2;965;0.64;Caleb Jones;Canada;1978;Voice play record.;Sci-Fi;1981;33;social;2002
264;218;9.73;Alexander Thomas;USA;1950;Alone security need.;Fiction;2001;22;seem;2013
150;413;6.88;Jeffrey Wyatt;Canada;1951;Design address own.;Fiction;1995;39;tend;1994
218;364;7;Crystal Welch;UK;1953;Set without break.;Mystery;2004;42;great;2005
52;925;4.17;Troy Frost;USA;1985;Bank but.;Sci-Fi;2008;31;indeed;2011
360;238;8.3;Pamela Fitzgerald;UK;1964;Ok concern.;Mystery;2018;4;machine;1985
176;762;5.4;Angela Sanders;Canada;1982;Game security.;Mystery;1997;37;gun;2016
270;326;0.55;John Ward;UK;1963;Inside probably.;Fiction;2009;50;bring;1999
397;14;7.91;Tamara Edwards;Australia;1997;Strategy.;Non-fiction;2021;7;exist;1992
50;623;0.36;Robert Knapp;USA;1994;Attorney same.;Fiction;1985;33;social;2002
99;278;3.22;Sandra Sullivan;Australia;1953;New story until.;Fiction;1983;8;detail;1983
151;644;8.16;Natasha Brown;USA;1982;Eat later myself over.;Mystery;2013;18;bed;2012
29;504;4.5;Robert Orr;Canada;1958;Find suffer because.;Fiction;2010;37;gun;2016
395;155;0.84;Todd Carter;Canada;1966;Effort firm.;Sci-Fi;1999;14;owner;1993
26;347;3.22;Aaron Myers;USA;1959;Chance beat drop make.;Sci-Fi;2008;9;behind;1997
232;826;5.18;Peggy Hodge;Australia;1984;Section turn sense.;Fiction;2020;6;put;1993
97;174;3.54;Bruce Howard;Australia;1952;Must bad movie.;Sci-Fi;1992;21;concern;2005
397;39;3.7;Tamara Edwards;Australia;1997;Space region page.;Mystery;1984;49;road;1994
359;212;9.63;Stephen Brooks;Canada;1960;General general.;Fiction;1989;33;social;2002
291;233;9.69;Samantha Simmons;USA;1999;Follow surface dream.;Sci-Fi;2016;43;list;2012
369;320;9.85;Mark Shepherd;Australia;1975;Those rest.;Non-fiction;1990;1;security;1994
143;508;4.35;Heather Love;Australia;1957;Message.;Sci-Fi;1982;25;ever;1980
56;734;1.53;Renee Garcia;UK;1964;Green education.;Mystery;2006;8;detail;1983
112;175;2.06;Keith Webster;UK;1979;Fund leader.;Mystery;1995;13;one;1986
208;577;0.56;Calvin Garza;Australia;1990;Rest view.;Fiction;1983;10;center;2005
134;758;1.28;Carmen Gordon;Canada;1960;Serve power so.;Non-fiction;1984;35;wall;2019
189;320;2.44;Thomas Glover;UK;1995;Those rest.;Non-fiction;1990;1;security;1994
130;586;5.88;Susan Juarez;UK;1984;Whose unit.;Sci-Fi;2021;27;sound;2022
109;279;4.45;Rebecca Turner;USA;1984;Remember our religious.;Fiction;1984;24;generation;2009
28;833;3.97;Paul Wagner;Australia;1963;Itself teacher.;Mystery;2012;45;live;1999
362;15;0.71;Elizabeth Wolfe;Australia;1951;Pretty staff education.;Fiction;1991;34;hair;2004
305;956;6.36;Kristen Brown;UK;1986;Instead reveal.;Fiction;1989;16;apply;1997
160;943;6.62;Grant Alexander;UK;1975;Billion majority.;Non-fiction;2002;32;say;1998
133;920;7.07;Alexander Grant;Australia;1956;Whom officer truth hundred.;Sci-Fi;2020;41;beyond;2003
374;740;3.2;Sarah Price;UK;1982;Risk concern material enter.;Non-fiction;2005;14;owner;1993
393;973;1.62;Michelle Hamilton;Canada;1971;Call also up.;Sci-Fi;2006;42;great;2005
399;160;3.15;Tom Adams;USA;1950;Do radio.;Non-fiction;2000;12;five;1993
93;992;4.05;Emma Mendoza;Australia;1964;Federal dream wall whose.;Sci-Fi;1985;21;concern;2005
369;371;4.53;Mark Shepherd;Australia;1975;Issue including remain.;Non-fiction;2017;7;exist;1992
139;87;1.19;David Petty;UK;1992;Southern quite.;Mystery;2021;19;build;2000
335;684;6.37;Joshua Mills;Canada;1975;Us response.;Mystery;1993;16;apply;1997
13;693;9.21;Sheryl Porter;Australia;1951;Shoulder after.;Fiction;1996;44;example;2005
247;50;3.9;Rebecca Thomas;UK;1951;Congress world whole.;Mystery;2009;40;at;2007
256;527;8.73;Brittany Robinson;USA;1951;Ok back.;Fiction;1996;40;at;2007
18;708;4.64;Robert Bartlett;UK;1974;Reflect short plant.;Fiction;1987;40;at;2007
336;793;0.28;Johnny Schultz;USA;1998;Short society.;Sci-Fi;2005;8;detail;1983
303;300;4.87;Robert Lopez;USA;1993;Now.;Fiction;1985;13;one;1986
158;113;0.92;Anne Hayes;USA;1976;Tax offer couple.;Non-fiction;1989;40;at;2007
47;767;0.08;Jennifer Moore;USA;1989;Position rule dinner.;Fiction;2007;1;security;1994
207;313;5.49;George Martinez;UK;1977;Begin.;Non-fiction;2013;22;seem;2013
224;121;5.62;Gwendolyn Smith;UK;1967;Sit yeah.;Non-fiction;1989;45;live;1999
262;349;0.19;Christopher Small;Australia;1983;Small many decade.;Mystery;2010;4;machine;1985
308;922;1.71;Francisco Molina;Canada;1995;Certain back brother suddenly.;Sci-Fi;2003;28;those;1995
190;125;4.7;James Butler;Australia;1961;Paper fast.;Fiction;2015;7;exist;1992
46;964;5.03;John Melendez;Canada;1956;Fact yeah.;Non-fiction;1990;47;his;1980
306;978;1.02;Donald Stewart;Australia;1980;Employee democratic seat.;Non-fiction;1992;1;security;1994
121;626;1.96;Terri Garcia;Canada;1983;Next example.;Non-fiction;2022;9;behind;1997
87;852;5.97;Eric Roberson;Canada;1965;Group ok.;Sci-Fi;2002;38;maintain;1986
33;520;6.94;Barry Michael;USA;1968;Already reduce.;Fiction;1987;34;hair;2004
346;20;8.76;Juan Bean;Australia;1987;Reality region wind.;Sci-Fi;1993;19;build;2000
297;444;3.1;Monica Lopez;Canada;1966;Card about society practice.;Sci-Fi;2011;48;high;2003
300;821;8.49;Andrea Landry;Australia;1962;Six general response.;Sci-Fi;2020;19;build;2000
309;425;2.19;Samantha Parker;Canada;1988;Four community better.;Mystery;1989;24;generation;2009
120;397;4.28;Frances Smith;UK;1970;Itself fact.;Sci-Fi;2002;34;hair;2004
50;262;6.49;Robert Knapp;USA;1994;Easy much lead.;Fiction;2015;36;event;2005
388;489;1.91;Brian Johnson;Australia;1951;Allow.;Sci-Fi;1997;10;center;2005
193;118;3.5;Brad Cox;UK;1960;Certain player.;Non-fiction;1991;35;wall;2019
378;41;0.8;Kara Davis;USA;1989;Improve hard particularly.;Fiction;1988;21;concern;2005
362;452;1.93;Elizabeth Wolfe;Australia;1951;Miss be nearly.;Fiction;2014;31;indeed;2011
138;116;3.75;Jessica Williams;Canada;1951;Consumer practice.;Non-fiction;1989;35;wall;2019
103;991;4.1;Jason Rose;UK;1999;Along weight.;Non-fiction;2002;35;wall;2019
334;206;1.23;Lance Weaver;Canada;1982;Work lawyer risk.;Sci-Fi;1998;32;say;1998
115;581;7.47;Renee Walker;Australia;1958;About eight organization.;Fiction;1994;25;ever;1980
65;28;8.05;Cynthia Powell;USA;1964;President rule.;Mystery;1992;13;one;1986
355;200;5.13;Katie Olsen;Canada;1975;Minute forward.;Mystery;2018;28;those;1995
361;715;0.06;Pamela Perkins;Australia;1950;Speak pretty.;Fiction;2020;48;high;2003
261;149;1.33;Karen Barajas;UK;1985;Prove development benefit specific.;Non-fiction;1986;4;machine;1985
280;9;5.45;Jack Taylor;UK;1986;Responsibility know star.;Mystery;2014;39;tend;1994
279;841;4.93;Angela Fisher;Canada;1963;Could Mr deal.;Non-fiction;1995;36;event;2005
53;907;5.2;Daniel Moss;Canada;1977;Choice they.;Sci-Fi;2007;32;say;1998
80;583;0.11;Jodi Jackson;UK;1992;Step general ever coach.;Non-fiction;1988;35;wall;2019
305;770;0.99;Kristen Brown;UK;1986;Until report.;Sci-Fi;2009;38;maintain;1986
177;96;7.96;James Olson;Canada;1979;Game right tax.;Sci-Fi;1989;30;possible;1994
316;739;3.79;Edward Lopez;USA;1965;Exist you bed.;Mystery;2010;41;beyond;2003
283;746;9.01;Joshua Fisher;USA;1994;Capital.;Fiction;1996;36;event;2005
309;365;2.85;Samantha Parker;Canada;1988;Suddenly maybe.;Fiction;1982;22;seem;2013
188;192;6.6;Donna Buck;Australia;1981;Data many.;Mystery;2013;5;operation;2005
179;651;5.41;Rebecca Thompson;USA;1989;Adult itself.;Sci-Fi;1996;16;apply;1997
301;961;5.44;Jordan Briggs;UK;1959;Almost piece fund.;Fiction;2021;14;owner;1993
287;788;5.47;Alexandra Barr;USA;1989;Western condition.;Non-fiction;2000;50;bring;1999
83;431;6.95;Nicole Mercado;Australia;1968;College add deep.;Mystery;2001;18;bed;2012
231;969;1.84;Mr. Dustin Osborne DVM;USA;1974;Interview across control nation.;Mystery;2005;36;event;2005
384;275;7.5;Kellie Herrera;Canada;1993;Successful agency.;Mystery;1980;44;example;2005
244;900;1.29;Christopher Fuller;Australia;1993;Rest official.;Sci-Fi;2018;13;one;1986
247;106;5.76;Rebecca Thomas;UK;1951;Try per lose.;Sci-Fi;1999;29;write;2013
309;620;3.48;Samantha Parker;Canada;1988;Account so.;Fiction;2010;49;road;1994
22;150;1.73;Meghan Ferguson;Canada;1982;Character traditional organization.;Mystery;1987;27;sound;2022
119;700;4.45;Debbie Stewart;USA;1998;Strategy growth opportunity.;Non-fiction;1986;46;drop;2005
132;979;7.69;Troy Ferguson;Australia;1958;Help hotel condition cup.;Sci-Fi;1980;30;possible;1994
333;8;9.77;Mark Li;USA;1963;Fine bring.;Fiction;1997;49;road;1994
330;863;6.69;Patricia Francis;UK;1974;Unit represent.;Mystery;2010;1;security;1994
351;961;1.22;Teresa Martinez;UK;1993;Almost piece fund.;Fiction;2021;14;owner;1993
225;615;3.22;Mary Mitchell;UK;1970;Conference face.;Non-fiction;1989;14;owner;1993
167;874;9.05;Melvin Smith;UK;1953;Help.;Sci-Fi;2020;13;one;1986
239;804;5.39;Traci Martin;USA;1973;Go team product enjoy.;Mystery;2017;37;gun;2016
110;703;7.14;Michael Navarro;Australia;1994;Child administration pass return.;Non-fiction;2018;7;exist;1992
183;257;2.38;Martha Nelson;Canada;1954;Number operation one.;Mystery;1987;45;live;1999
360;57;5.3;Pamela Fitzgerald;UK;1964;Structure describe.;Fiction;2011;49;road;1994
206;697;9.99;Kristen Smith;Canada;1995;Current down.;Mystery;1989;45;live;1999
248;129;4.5;Jesus Nunez;USA;1960;Must claim benefit.;Fiction;2002;22;seem;2013
213;46;2.58;Jessica Jones;Canada;1955;Tend down.;Mystery;2014;42;great;2005
369;404;1.35;Mark Shepherd;Australia;1975;Interview various imagine.;Non-fiction;2022;26;customer;2014
152;253;3.72;Vincent Williams;Canada;1994;Single property as.;Sci-Fi;2002;6;put;1993
316;818;3;Edward Lopez;USA;1965;Lay notice.;Non-fiction;2018;18;bed;2012
295;363;8.38;Amy Dennis;UK;1959;Detail system.;Mystery;1989;32;say;1998
169;434;2.04;Brandy Mcdonald;USA;1996;Piece accept recently.;Fiction;1980;33;social;2002
20;483;0.11;Drew Garcia;Canada;1972;Last above.;Mystery;2014;38;maintain;1986
58;96;0.82;Lauren Anderson;UK;1985;Game right tax.;Sci-Fi;1989;30;possible;1994
41;777;5.52;Joseph Hale;Canada;1970;Understand call.;Sci-Fi;1982;21;concern;2005
165;285;3.02;Lisa Wagner;Canada;1968;Action line.;Fiction;2002;1;security;1994
137;464;5.87;Jared Hughes;UK;1982;Skin peace.;Non-fiction;2021;46;drop;2005
33;421;3.95;Barry Michael;USA;1968;Alone science.;Sci-Fi;2019;12;five;1993
77;60;9.31;Kenneth Miller;Canada;1963;From prove international.;Mystery;1994;19;build;2000
292;94;7.35;Melissa Taylor;Australia;1978;Way during interesting.;Fiction;2005;35;wall;2019
361;994;5.42;Pamela Perkins;Australia;1950;Account director western.;Non-fiction;2001;1;security;1994
67;892;8.97;Brandy Anderson;UK;1969;Various million even.;Sci-Fi;1991;13;one;1986
282;534;2.47;Charles Salazar;Australia;1957;Certainly laugh financial.;Mystery;2000;50;bring;1999
213;934;1.97;Jessica Jones;Canada;1955;Voice.;Mystery;2013;16;apply;1997
217;321;1.49;Daniel Roberts DDS;UK;1962;Explain be run.;Fiction;1980;50;bring;1999
351;245;7.34;Teresa Martinez;UK;1993;Stage central career issue.;Fiction;1992;7;exist;1992
152;667;6.67;Vincent Williams;Canada;1994;Player from early.;Mystery;2006;24;generation;2009
43;265;9.24;Colin Robinson;USA;1954;Control.;Sci-Fi;1994;42;great;2005
349;621;6.54;Matthew Rodriguez III;Canada;1976;Cold send.;Mystery;1990;5;operation;2005
267;382;5.78;Dennis Hanson;UK;1960;See six down.;Mystery;2016;15;describe;1986
1;726;6.42;David Richardson;UK;1965;Determine reality back.;Fiction;1980;40;at;2007
42;951;4.54;Jerry Wood;Australia;1952;Guess character perform.;Sci-Fi;2005;45;live;1999
299;665;1.21;Richard Allison;USA;1954;Radio civil.;Sci-Fi;2002;33;social;2002
98;129;6.33;James Rodriguez;UK;1981;Must claim benefit.;Fiction;2002;22;seem;2013
325;325;0.71;Hannah James;UK;1958;Occur their dinner.;Sci-Fi;2013;38;maintain;1986
82;384;4.04;Robert Carrillo;UK;1959;Police.;Non-fiction;1990;42;great;2005
367;609;2.8;Jordan Martin;Australia;1996;Yard military.;Fiction;1983;28;those;1995
299;564;5.65;Richard Allison;USA;1954;System buy fund.;Sci-Fi;2013;13;one;1986
56;91;4.08;Renee Garcia;UK;1964;Process.;Non-fiction;2008;19;build;2000
349;655;8.4;Matthew Rodriguez III;Canada;1976;Help speak at.;Sci-Fi;1987;3;authority;2011
252;859;3.33;Tracy Matthews;Australia;1961;Can.;Sci-Fi;2008;18;bed;2012
331;436;8.36;Melissa Hernandez;UK;1984;West though.;Non-fiction;1994;39;tend;1994
388;344;9.64;Brian Johnson;Australia;1951;But.;Non-fiction;1992;39;tend;1994
394;814;7.06;Sharon Gross MD;Australia;1985;Some by.;Sci-Fi;2005;1;security;1994
121;626;2.3;Terri Garcia;Canada;1983;Next example.;Non-fiction;2022;9;behind;1997
63;322;1.03;Brian Thompson;USA;1996;Material even behavior.;Fiction;1994;49;road;1994
322;757;6.62;Donna Gonzalez;UK;1975;Add parent college.;Non-fiction;2000;35;wall;2019
44;776;0.99;Adrian Moore;Canada;1991;Easy now.;Mystery;1991;9;behind;1997
167;245;6.11;Melvin Smith;UK;1953;Stage central career issue.;Fiction;1992;7;exist;1992
347;405;8.82;Sabrina Torres;USA;1959;Report east month.;Fiction;1987;16;apply;1997
67;504;6.91;Brandy Anderson;UK;1969;Find suffer because.;Fiction;2010;37;gun;2016
2;400;9.06;Caleb Jones;Canada;1978;Case.;Mystery;1997;29;write;2013
124;433;3.84;James Lopez;UK;1971;Else.;Mystery;1980;13;one;1986
80;4;6.89;Jodi Jackson;UK;1992;Glass crime wife specific.;Sci-Fi;2007;3;authority;2011
244;811;7.25;Christopher Fuller;Australia;1993;Difficult system.;Mystery;2013;38;maintain;1986
263;70;6.51;Maria Weaver;UK;1966;Involve trial cover.;Non-fiction;1983;46;drop;2005
207;433;8.55;George Martinez;UK;1977;Else.;Mystery;1980;13;one;1986
253;485;3.69;Ian Mcdaniel;Australia;1973;Decision cut wide strong.;Fiction;1988;1;security;1994
170;762;7.93;John Hernandez;USA;1988;Game security.;Mystery;1997;37;gun;2016
103;8;2.43;Jason Rose;UK;1999;Fine bring.;Fiction;1997;49;road;1994
166;717;6.2;Susan Cummings;Australia;1955;Grow measure vote.;Fiction;1998;23;produce;2005
25;19;1.64;Chelsey Aguilar;UK;1960;Defense our.;Sci-Fi;1999;6;put;1993
218;282;2.92;Crystal Welch;UK;1953;According street remain.;Mystery;2002;16;apply;1997
301;465;1.99;Jordan Briggs;UK;1959;Along save year.;Sci-Fi;1987;24;generation;2009
162;647;3.05;Jesse Watson;USA;1990;Beautiful defense.;Non-fiction;1984;1;security;1994
300;106;4.78;Andrea Landry;Australia;1962;Try per lose.;Sci-Fi;1999;29;write;2013
78;661;4.18;Darlene Perez;USA;1960;Nice west.;Sci-Fi;2009;39;tend;1994
35;374;1.72;Cassandra Thompson;Canada;1975;Memory majority president.;Mystery;2011;30;possible;1994
195;265;8.13;Thomas Patel;USA;1959;Control.;Sci-Fi;1994;42;great;2005
41;58;2.02;Joseph Hale;Canada;1970;Dog news near.;Sci-Fi;2021;29;write;2013
46;451;2.45;John Melendez;Canada;1956;Alone fund.;Fiction;2015;11;attorney;2002
390;638;2.28;Thomas Cain;UK;1955;Left source around.;Sci-Fi;2007;22;seem;2013
7;184;1.45;Jacob Reyes;UK;1984;Safe.;Fiction;2005;11;attorney;2002
34;221;2.85;Brittany Murphy;Canada;1988;Development face.;Non-fiction;1992;42;great;2005
380;392;3.03;Dakota Thompson;USA;1953;Remain half even by.;Sci-Fi;1988;16;apply;1997
324;120;3.9;Donald Vasquez;USA;1958;The leave with hair.;Fiction;1991;6;put;1993
359;598;9.33;Stephen Brooks;Canada;1960;This occur director.;Sci-Fi;1991;21;concern;2005
199;331;1.5;Robert Davidson;USA;1991;Sit their seat.;Fiction;2014;10;center;2005
282;671;7.38;Charles Salazar;Australia;1957;Only middle.;Non-fiction;2005;9;behind;1997
31;389;3.27;Angela Garcia PhD;USA;1961;Tree draw democratic.;Fiction;1981;34;hair;2004
78;836;5.63;Darlene Perez;USA;1960;People heavy find.;Mystery;1988;21;concern;2005
278;329;8.61;Kathleen Ward;UK;1959;Describe though.;Non-fiction;1988;17;record;1982
193;474;3.38;Brad Cox;UK;1960;Expert job ago surface.;Fiction;1981;42;great;2005
150;628;6.03;Jeffrey Wyatt;Canada;1951;Foreign.;Non-fiction;2004;45;live;1999
253;562;9.62;Ian Mcdaniel;Australia;1973;Argue edge trip crime.;Non-fiction;1988;48;high;2003
42;321;2.04;Jerry Wood;Australia;1952;Explain be run.;Fiction;1980;50;bring;1999
353;440;7.32;Jon Parker;Canada;1996;Town financial range hard.;Mystery;1982;18;bed;2012
327;442;6.78;Tina Deleon;USA;1997;Able health.;Non-fiction;2007;40;at;2007
246;670;3.72;Timothy Hamilton;Canada;1998;Become find.;Non-fiction;2018;36;event;2005
148;244;0.44;William Guerrero;Canada;1967;Range ball simply.;Fiction;2011;28;those;1995
77;780;8.57;Kenneth Miller;Canada;1963;School receive despite.;Non-fiction;1991;2;create;2020
51;924;3.92;Bethany Harris;USA;1966;My those participant.;Mystery;2001;48;high;2003
312;748;6.55;Shannon Taylor;Canada;1965;Where student lose.;Sci-Fi;1996;34;hair;2004
186;680;8.48;Michael Adkins;USA;1986;Field moment language.;Non-fiction;1997;3;authority;2011
375;977;1.32;David Wright;USA;1952;Note too.;Mystery;1986;31;indeed;2011
103;233;9.08;Jason Rose;UK;1999;Follow surface dream.;Sci-Fi;2016;43;list;2012
380;350;5.45;Dakota Thompson;USA;1953;Party leg create.;Non-fiction;1981;30;possible;1994
215;222;0.15;Dawn Lynch;USA;1990;Already fish.;Fiction;1992;41;beyond;2003
114;817;0.56;Terry Webb;Canada;1970;Quite cup.;Mystery;1980;8;detail;1983
255;90;1.33;Jennifer Diaz;Australia;1980;Do opportunity account.;Fiction;2020;11;attorney;2002
365;670;4.32;Sean Howard;USA;1952;Become find.;Non-fiction;2018;36;event;2005
221;359;5.05;Gabrielle Reid;USA;1995;Know expect information.;Mystery;2010;13;one;1986
209;959;7.35;Crystal Sanders;Australia;1975;Personal easy.;Mystery;2010;26;customer;2014
137;743;6.98;Jared Hughes;UK;1982;Rich discussion student.;Fiction;2014;47;his;1980
231;630;1.37;Mr. Dustin Osborne DVM;USA;1974;Away recently happy amount.;Mystery;2006;49;road;1994
155;302;3.72;Erica Rush;USA;1965;Seem land head.;Non-fiction;1992;49;road;1994
56;362;2.67;Renee Garcia;UK;1964;Tell property which.;Fiction;1993;10;center;2005
197;86;8.7;Catherine Wu;Canada;1979;Feeling seat.;Fiction;1980;9;behind;1997
347;909;1.42;Sabrina Torres;USA;1959;Name glass work.;Fiction;2003;8;detail;1983
328;221;1.57;Martha Fox;Canada;1978;Development face.;Non-fiction;1992;42;great;2005
310;887;5.6;Amber Fritz;Australia;1993;Himself hair.;Non-fiction;2018;16;apply;1997
380;735;6.34;Dakota Thompson;USA;1953;Central.;Fiction;2011;14;owner;1993
66;926;9.82;Erin Gonzales;Australia;1989;Cut almost.;Sci-Fi;2010;39;tend;1994
7;324;8.67;Jacob Reyes;UK;1984;Movement.;Fiction;1987;40;at;2007
80;367;4.41;Jodi Jackson;UK;1992;Traditional rise.;Non-fiction;1981;37;gun;2016
368;695;4.86;Angela Acevedo;Canada;1992;Join.;Sci-Fi;1981;5;operation;2005
271;885;8.41;Gregory Fowler;USA;1972;Property court sort.;Fiction;2007;27;sound;2022
290;883;7.13;Ronald Carter;USA;1972;Tv career Mr.;Sci-Fi;2001;30;possible;1994
152;323;5.1;Vincent Williams;Canada;1994;Around cut.;Sci-Fi;1981;38;maintain;1986
8;47;0.22;Thomas Castillo;USA;1978;New term.;Fiction;1987;44;example;2005
238;621;1.55;Julie Fuller;Australia;1993;Cold send.;Mystery;1990;5;operation;2005
384;107;2.36;Kellie Herrera;Canada;1993;Describe likely.;Mystery;2018;19;build;2000
334;555;3.42;Lance Weaver;Canada;1982;Traditional dream.;Sci-Fi;2011;9;behind;1997
47;585;5.09;Jennifer Moore;USA;1989;Specific interesting skin.;Mystery;2010;1;security;1994
176;681;1.88;Angela Sanders;Canada;1982;But probably during.;Mystery;1982;14;owner;1993
170;740;2.34;John Hernandez;USA;1988;Risk concern material enter.;Non-fiction;2005;14;owner;1993
218;557;9.66;Crystal Welch;UK;1953;Finally just cause.;Fiction;2017;32;say;1998
57;175;7.13;Timothy Whitaker;Australia;1997;Fund leader.;Mystery;1995;13;one;1986
104;363;5.82;Michelle Williams;Canada;1954;Detail system.;Mystery;1989;32;say;1998
349;752;5;Matthew Rodriguez III;Canada;1976;Paper.;Sci-Fi;1990;38;maintain;1986
238;569;5.05;Julie Fuller;Australia;1993;Determine interest.;Fiction;2009;50;bring;1999
210;412;8.96;Carrie Brown;Canada;1986;Alone leave child.;Fiction;2017;2;create;2020
169;147;9.83;Brandy Mcdonald;USA;1996;Each traditional bring.;Sci-Fi;1997;8;detail;1983
227;901;4.68;Thomas Powers;Australia;1973;Occur population.;Sci-Fi;1990;47;his;1980
326;610;0.12;Justin Dunn;Australia;1969;Big garden everything.;Sci-Fi;2004;42;great;2005
150;212;5.47;Jeffrey Wyatt;Canada;1951;General general.;Fiction;1989;33;social;2002
289;953;5.47;Debbie Morales;USA;1999;Successful piece month.;Mystery;1997;32;say;1998
252;27;7.38;Tracy Matthews;Australia;1961;Dinner plan from sure.;Sci-Fi;2019;36;event;2005
216;832;9.14;Thomas Woods;Canada;1997;Hair.;Mystery;2013;36;event;2005
203;183;5.78;Stacy Krueger;Canada;1970;Travel which.;Mystery;2020;47;his;1980
249;916;8.28;Nathaniel Hicks;UK;1958;Deal wide leg.;Mystery;1995;37;gun;2016
90;988;2.65;James Miller II;UK;1989;Race.;Non-fiction;2010;12;five;1993
151;60;1.54;Natasha Brown;USA;1982;From prove international.;Mystery;1994;19;build;2000
20;31;3.81;Drew Garcia;Canada;1972;Event though.;Sci-Fi;1987;1;security;1994
197;237;5.45;Catherine Wu;Canada;1979;Bit here audience treatment.;Non-fiction;2018;14;owner;1993
325;307;8.32;Hannah James;UK;1958;Present let.;Fiction;1984;30;possible;1994
358;963;7.04;Jonathan Kelley;Australia;1991;Reduce cup.;Non-fiction;2020;24;generation;2009
135;440;7.22;Lisa Fisher;Canada;1984;Town financial range hard.;Mystery;1982;18;bed;2012
35;239;6.8;Cassandra Thompson;Canada;1975;Seem.;Non-fiction;1998;6;put;1993
22;609;3.79;Meghan Ferguson;Canada;1982;Yard military.;Fiction;1983;28;those;1995
193;763;5.15;Brad Cox;UK;1960;Say upon.;Non-fiction;2019;39;tend;1994
195;928;7.44;Thomas Patel;USA;1959;Group practice.;Non-fiction;1991;19;build;2000
119;92;9.46;Debbie Stewart;USA;1998;Special pay.;Sci-Fi;1994;39;tend;1994
46;840;1.57;John Melendez;Canada;1956;Would still sit.;Mystery;2010;13;one;1986
209;624;4.79;Crystal Sanders;Australia;1975;Relationship together wall.;Fiction;2008;8;detail;1983
273;453;2.08;Misty White;Canada;1953;Western image technology agent.;Sci-Fi;2010;4;machine;1985
16;911;0.88;Clifford Hicks;USA;1950;Crime say.;Sci-Fi;2015;23;produce;2005
47;126;0.15;Jennifer Moore;USA;1989;White he leader red.;Fiction;1988;21;concern;2005
345;483;6.93;Tracey Duarte;Canada;1973;Last above.;Mystery;2014;38;maintain;1986
180;317;2.61;Mrs. Laura Wilson;Australia;1952;Make about.;Fiction;1987;31;indeed;2011
245;108;3.85;Richard Herrera;Australia;1964;Maybe case.;Fiction;1991;30;possible;1994
325;312;8.79;Hannah James;UK;1958;Administration process.;Mystery;1987;17;record;1982
130;25;1.53;Susan Juarez;UK;1984;Drive might happen.;Fiction;1993;24;generation;2009
161;603;8.87;Christopher Hicks;Australia;1976;Guess tree.;Mystery;2018;13;one;1986
314;22;5.35;John Kelley;UK;1974;Deep brother.;Mystery;2021;15;describe;1986
117;595;0.51;Kevin Jackson;Australia;1953;None style.;Non-fiction;2003;14;owner;1993
111;25;5.35;Walter Reid;Australia;1998;Drive might happen.;Fiction;1993;24;generation;2009
24;87;9.83;Sarah Moore;Canada;1977;Southern quite.;Mystery;2021;19;build;2000
311;329;8.25;Ryan Ferguson;USA;1991;Describe though.;Non-fiction;1988;17;record;1982
205;212;7.81;Matthew Burke;USA;1972;General general.;Fiction;1989;33;social;2002
377;165;8.88;Kathryn Thomas;Australia;1983;Family over.;Non-fiction;1990;17;record;1982
104;123;8.14;Michelle Williams;Canada;1954;Group home people.;Mystery;1992;47;his;1980
281;505;4.89;Walter Harper;UK;1988;Energy region create until.;Fiction;1984;35;wall;2019
103;378;4.23;Jason Rose;UK;1999;Raise wall whole.;Fiction;2007;39;tend;1994
10;874;8.81;Gregory Lee;Australia;1962;Help.;Sci-Fi;2020;13;one;1986
260;601;2.75;David Hernandez;UK;1956;Major.;Mystery;1997;27;sound;2022
316;157;4.83;Edward Lopez;USA;1965;View management peace.;Mystery;1996;27;sound;2022
328;559;0.09;Martha Fox;Canada;1978;About appear especially.;Fiction;1986;16;apply;1997
252;774;6.75;Tracy Matthews;Australia;1961;Rich.;Non-fiction;1983;1;security;1994
86;201;0.97;Heidi Wheeler;USA;1993;Box cut.;Sci-Fi;1983;19;build;2000
115;510;9.63;Renee Walker;Australia;1958;Instead hot laugh.;Fiction;2015;44;example;2005
311;727;7.59;Ryan Ferguson;USA;1991;Day music.;Mystery;1995;16;apply;1997
298;660;5.37;Christine Garcia;Australia;1957;Event look person.;Non-fiction;2006;8;detail;1983
134;516;0.67;Carmen Gordon;Canada;1960;Who class always.;Sci-Fi;2002;7;exist;1992
34;339;6.57;Brittany Murphy;Canada;1988;Sell much.;Sci-Fi;1991;14;owner;1993
10;808;3.59;Gregory Lee;Australia;1962;Answer mother.;Sci-Fi;2012;33;social;2002
172;748;9.38;Michelle Cohen;Australia;1972;Where student lose.;Sci-Fi;1996;34;hair;2004
307;227;6.68;Jason Ross;USA;1989;Particular season teacher.;Sci-Fi;1991;39;tend;1994
296;824;3.06;Stephen Watson;Australia;1975;Camera production artist.;Mystery;1994;43;list;2012
353;57;0.12;Jon Parker;Canada;1996;Structure describe.;Fiction;2011;49;road;1994
309;913;5.21;Samantha Parker;Canada;1988;Claim.;Sci-Fi;2021;47;his;1980
55;278;6.02;Kayla Gordon;USA;1973;New story until.;Fiction;1983;8;detail;1983
109;13;4.59;Rebecca Turner;USA;1984;Her prevent work.;Non-fiction;1991;44;example;2005
299;121;3.95;Richard Allison;USA;1954;Sit yeah.;Non-fiction;1989;45;live;1999
121;235;2.85;Terri Garcia;Canada;1983;Most rock.;Sci-Fi;2020;8;detail;1983
124;477;6.69;James Lopez;UK;1971;Believe what few place.;Sci-Fi;1993;19;build;2000
377;808;5.8;Kathryn Thomas;Australia;1983;Answer mother.;Sci-Fi;2012;33;social;2002
97;317;0.37;Bruce Howard;Australia;1952;Make about.;Fiction;1987;31;indeed;2011
33;213;4.79;Barry Michael;USA;1968;Pull deep number.;Mystery;1982;8;detail;1983
342;869;6.87;William Jensen;Canada;1993;Affect civil.;Mystery;1985;23;produce;2005
231;677;3.5;Mr. Dustin Osborne DVM;USA;1974;Both friend.;Non-fiction;2001;44;example;2005
168;363;5.43;Charles Wilson;USA;1965;Detail system.;Mystery;1989;32;say;1998
193;445;5.9;Brad Cox;UK;1960;Want party deal.;Mystery;1996;26;customer;2014
354;701;7.78;Micheal Castro;Canada;1956;Third range station.;Fiction;1987;28;those;1995
41;709;4.64;Joseph Hale;Canada;1970;Economic land total.;Mystery;1997;20;reality;2001
231;815;3.77;Mr. Dustin Osborne DVM;USA;1974;Down probably.;Sci-Fi;2018;34;hair;2004
20;820;9.27;Drew Garcia;Canada;1972;Scientist reduce billion instead.;Sci-Fi;1982;30;possible;1994
260;21;1.73;David Hernandez;UK;1956;Concern reason.;Fiction;2001;28;those;1995
109;950;3.34;Rebecca Turner;USA;1984;Program point receive.;Fiction;2016;12;five;1993
33;846;2.85;Barry Michael;USA;1968;Hair history write.;Non-fiction;1980;12;five;1993
192;282;5.01;Adrienne Norris DVM;UK;1983;According street remain.;Mystery;2002;16;apply;1997
262;969;4.66;Christopher Small;Australia;1983;Interview across control nation.;Mystery;2005;36;event;2005
39;522;2.15;Gabriel Maddox;UK;1958;Notice child.;Mystery;1999;34;hair;2004
47;656;7.35;Jennifer Moore;USA;1989;Different analysis.;Fiction;2013;50;bring;1999
272;374;9.97;Dawn Smith;USA;1959;Memory majority president.;Mystery;2011;30;possible;1994
88;427;8.24;Michael Miller;UK;1958;West possible he.;Non-fiction;1986;2;create;2020
305;305;6.97;Kristen Brown;UK;1986;Gun yeah possible.;Mystery;1993;34;hair;2004
114;571;0.27;Terry Webb;Canada;1970;Open cell.;Mystery;1986;32;say;1998
388;335;9.1;Brian Johnson;Australia;1951;Of real eight.;Non-fiction;1983;7;exist;1992
86;589;2.93;Heidi Wheeler;USA;1993;Her build fact.;Fiction;1998;13;one;1986
361;117;0.71;Pamela Perkins;Australia;1950;Trip believe.;Sci-Fi;2004;41;beyond;2003
129;310;6.68;Jessica Barber;Australia;1962;Structure process.;Fiction;1997;20;reality;2001
237;25;1.53;Rachael Collins;USA;1971;Drive might happen.;Fiction;1993;24;generation;2009
333;786;7.85;Mark Li;USA;1963;Yet sea always.;Non-fiction;2006;39;tend;1994
58;196;8.87;Lauren Anderson;UK;1985;Huge game.;Mystery;2010;46;drop;2005
281;588;8.84;Walter Harper;UK;1988;Ok.;Fiction;2021;39;tend;1994
232;915;8.02;Peggy Hodge;Australia;1984;Old try Mr.;Sci-Fi;1993;16;apply;1997
267;75;9.17;Dennis Hanson;UK;1960;Pass amount as.;Mystery;2006;26;customer;2014
396;688;2.38;Michael Simpson;Canada;1975;Rise mouth size.;Fiction;1989;29;write;2013
296;196;0.91;Stephen Watson;Australia;1975;Huge game.;Mystery;2010;46;drop;2005
291;534;0.8;Samantha Simmons;USA;1999;Certainly laugh financial.;Mystery;2000;50;bring;1999
156;909;2.35;Garrett French;Canada;1976;Name glass work.;Fiction;2003;8;detail;1983
136;304;0.44;Michael Sherman;UK;1974;Model at.;Sci-Fi;2014;24;generation;2009
110;162;0.9;Michael Navarro;Australia;1994;Commercial owner kitchen cultural.;Sci-Fi;2009;37;gun;2016
17;446;2.3;Sarah Valentine;Canada;1981;Store just.;Fiction;2020;16;apply;1997
170;504;9.29;John Hernandez;USA;1988;Find suffer because.;Fiction;2010;37;gun;2016
231;678;3.76;Mr. Dustin Osborne DVM;USA;1974;Public successful cut.;Mystery;1988;32;say;1998
203;585;2.89;Stacy Krueger;Canada;1970;Specific interesting skin.;Mystery;2010;1;security;1994
389;935;3.92;Heather Crawford;USA;1954;Reflect movement type.;Sci-Fi;1982;23;produce;2005
152;554;3.68;Vincent Williams;Canada;1994;Fill only argue.;Sci-Fi;2012;6;put;1993
234;566;1.87;Stacy Acevedo;Canada;1994;Individual budget.;Mystery;1994;39;tend;1994
329;712;2.38;Miguel Lopez;Canada;1994;Mean feel.;Mystery;1993;3;authority;2011
190;684;9.66;James Butler;Australia;1961;Us response.;Mystery;1993;16;apply;1997
80;304;0.92;Jodi Jackson;UK;1992;Model at.;Sci-Fi;2014;24;generation;2009
180;925;2.18;Mrs. Laura Wilson;Australia;1952;Bank but.;Sci-Fi;2008;31;indeed;2011
366;21;8.38;Michael Zimmerman;USA;1986;Concern reason.;Fiction;2001;28;those;1995
249;731;8.08;Nathaniel Hicks;UK;1958;Miss development.;Non-fiction;2015;29;write;2013
375;165;2.71;David Wright;USA;1952;Family over.;Non-fiction;1990;17;record;1982
141;34;2.61;Samantha Baker;USA;1961;Second pay western.;Mystery;2019;20;reality;2001
161;697;9.82;Christopher Hicks;Australia;1976;Current down.;Mystery;1989;45;live;1999
238;873;8.21;Julie Fuller;Australia;1993;Itself alone million.;Non-fiction;1984;32;say;1998
8;479;2.12;Thomas Castillo;USA;1978;Home they age.;Sci-Fi;1993;47;his;1980
383;503;3.77;Tammy Sheppard;USA;1997;Gas point mention.;Fiction;1990;43;list;2012
229;108;7.85;Joseph Miller;UK;1970;Maybe case.;Fiction;1991;30;possible;1994
86;811;5.42;Heidi Wheeler;USA;1993;Difficult system.;Mystery;2013;38;maintain;1986
68;211;4.14;Michael Haynes;Australia;1967;Rise citizen.;Mystery;2004;22;seem;2013
160;816;0.63;Grant Alexander;UK;1975;Include explain learn.;Sci-Fi;1996;22;seem;2013
344;64;0.23;Timothy Rivas;Australia;1961;General certain guy.;Non-fiction;2001;34;hair;2004
173;405;5.64;Nicole Robinson;Australia;1979;Report east month.;Fiction;1987;16;apply;1997
378;410;6.47;Kara Davis;USA;1989;Involve involve effort.;Sci-Fi;1987;20;reality;2001
26;971;6.64;Aaron Myers;USA;1959;Imagine way able.;Sci-Fi;2000;14;owner;1993
356;118;0.8;Joan Guerrero;Australia;1957;Certain player.;Non-fiction;1991;35;wall;2019
81;610;1.15;Jared Campbell;Australia;1988;Big garden everything.;Sci-Fi;2004;42;great;2005
104;344;8.24;Michelle Williams;Canada;1954;But.;Non-fiction;1992;39;tend;1994
311;418;7.6;Ryan Ferguson;USA;1991;Ability occur local fill.;Non-fiction;2021;29;write;2013
34;929;0.39;Brittany Murphy;Canada;1988;Up strong.;Fiction;2011;3;authority;2011
306;897;0.73;Donald Stewart;Australia;1980;Difficult foot.;Sci-Fi;1981;1;security;1994
92;571;3.52;Mary Shaw;Canada;1972;Open cell.;Mystery;1986;32;say;1998
97;414;8.65;Bruce Howard;Australia;1952;He require.;Sci-Fi;1996;12;five;1993
78;488;7.1;Darlene Perez;USA;1960;Garden recent relationship.;Sci-Fi;2003;36;event;2005
114;526;0.58;Terry Webb;Canada;1970;Animal.;Fiction;1988;39;tend;1994
114;637;6.27;Terry Webb;Canada;1970;Mind together character.;Fiction;1981;5;operation;2005
232;483;1.32;Peggy Hodge;Australia;1984;Last above.;Mystery;2014;38;maintain;1986
1;817;2.16;David Richardson;UK;1965;Quite cup.;Mystery;1980;8;detail;1983
37;101;8.52;Laura Downs;Australia;1954;Bank office.;Mystery;2003;31;indeed;2011
277;416;9.91;Ruben Fleming;Australia;1969;Grow painting particular together.;Sci-Fi;2013;6;put;1993
44;404;8.53;Adrian Moore;Canada;1991;Interview various imagine.;Non-fiction;2022;26;customer;2014
315;199;3.8;Anna Choi;Australia;1960;Care none never.;Fiction;2009;19;build;2000
234;2;9.42;Stacy Acevedo;Canada;1994;American Democrat too item.;Mystery;2018;28;those;1995
183;612;0.43;Martha Nelson;Canada;1954;More every property.;Fiction;1997;37;gun;2016
242;468;6.42;William Fernandez Jr.;UK;1996;Research performance American.;Non-fiction;1985;20;reality;2001
88;189;5.67;Michael Miller;UK;1958;Other head.;Fiction;1996;30;possible;1994
247;636;0.63;Rebecca Thomas;UK;1951;Ago able.;Sci-Fi;2022;18;bed;2012
381;562;4.03;Eric Kelley;Canada;1991;Argue edge trip crime.;Non-fiction;1988;48;high;2003
42;695;8.82;Jerry Wood;Australia;1952;Join.;Sci-Fi;1981;5;operation;2005
144;582;9.48;Holly Hahn;Australia;1953;Carry plan group.;Fiction;1984;4;machine;1985
149;793;7.75;Rachel Bennett;UK;1980;Short society.;Sci-Fi;2005;8;detail;1983
179;801;5.66;Rebecca Thompson;USA;1989;Compare early get floor.;Non-fiction;2020;22;seem;2013
391;174;5.98;Thomas Wood;UK;1953;Must bad movie.;Sci-Fi;1992;21;concern;2005
83;54;4.19;Nicole Mercado;Australia;1968;System special.;Mystery;2000;6;put;1993
366;125;0.89;Michael Zimmerman;USA;1986;Paper fast.;Fiction;2015;7;exist;1992
336;359;9.69;Johnny Schultz;USA;1998;Know expect information.;Mystery;2010;13;one;1986
169;400;9.43;Brandy Mcdonald;USA;1996;Case.;Mystery;1997;29;write;2013
362;864;0.68;Elizabeth Wolfe;Australia;1951;Movie almost.;Non-fiction;2019;10;center;2005
26;664;8.66;Aaron Myers;USA;1959;Career natural look.;Mystery;1986;15;describe;1986
378;912;4.76;Kara Davis;USA;1989;Section good agreement.;Fiction;2014;46;drop;2005
323;411;5.59;Amber Henson;UK;1969;Figure town page.;Sci-Fi;2012;38;maintain;1986
33;731;2.91;Barry Michael;USA;1968;Miss development.;Non-fiction;2015;29;write;2013
16;649;4.96;Clifford Hicks;USA;1950;Walk into popular.;Fiction;2022;41;beyond;2003
287;44;6.1;Alexandra Barr;USA;1989;Southern meet.;Mystery;2000;25;ever;1980
8;266;1.54;Thomas Castillo;USA;1978;Spend national house.;Mystery;2006;44;example;2005
258;979;5.62;Tanya Bell;Canada;1986;Help hotel condition cup.;Sci-Fi;1980;30;possible;1994
316;506;8.84;Edward Lopez;USA;1965;Job reduce group national.;Mystery;1980;27;sound;2022
262;565;0.37;Christopher Small;Australia;1983;History quite.;Fiction;2012;1;security;1994
70;389;5.45;Rhonda Salinas;Canada;1960;Tree draw democratic.;Fiction;1981;34;hair;2004
70;270;4.99;Rhonda Salinas;Canada;1960;Less suddenly.;Fiction;1994;12;five;1993
243;339;3.98;Jay Mitchell;Canada;1951;Sell much.;Sci-Fi;1991;14;owner;1993
140;355;5.27;Amber Jimenez;USA;1977;Work else event.;Fiction;1991;28;those;1995
20;921;2.04;Drew Garcia;Canada;1972;Election design series.;Fiction;1995;22;seem;2013
196;746;3.35;Jeffrey Bradley;Canada;1968;Capital.;Fiction;1996;36;event;2005
238;324;8.6;Julie Fuller;Australia;1993;Movement.;Fiction;1987;40;at;2007
2;656;8.74;Caleb Jones;Canada;1978;Different analysis.;Fiction;2013;50;bring;1999
212;418;5.98;Kayla Garcia;USA;1950;Ability occur local fill.;Non-fiction;2021;29;write;2013
284;195;5.57;Kayla Buck;Australia;1974;Family actually.;Mystery;2005;17;record;1982
399;91;1.48;Tom Adams;USA;1950;Process.;Non-fiction;2008;19;build;2000
252;965;7.48;Tracy Matthews;Australia;1961;Voice play record.;Sci-Fi;1981;33;social;2002
332;867;1.46;Kendra Carr;Canada;1950;Pay technology skill.;Mystery;1991;47;his;1980
260;703;0.68;David Hernandez;UK;1956;Child administration pass return.;Non-fiction;2018;7;exist;1992
398;345;8.15;Paul Smith;Canada;1952;Cup better which.;Fiction;1993;30;possible;1994
282;181;6.9;Charles Salazar;Australia;1957;Skin that support.;Non-fiction;2010;29;write;2013
316;899;0.88;Edward Lopez;USA;1965;Now seek.;Fiction;2021;4;machine;1985
185;39;5.85;Debra Ochoa;Canada;1984;Space region page.;Mystery;1984;49;road;1994
308;571;5;Francisco Molina;Canada;1995;Open cell.;Mystery;1986;32;say;1998
378;371;5.98;Kara Davis;USA;1989;Issue including remain.;Non-fiction;2017;7;exist;1992
241;832;2.07;Andrew Shaffer;Australia;1999;Hair.;Mystery;2013;36;event;2005
76;813;0.5;John Quinn;Canada;1968;How skill bit.;Mystery;1995;8;detail;1983
332;766;7.27;Kendra Carr;Canada;1950;Receive.;Mystery;2017;29;write;2013
286;816;5.56;Molly Thompson;Australia;1964;Include explain learn.;Sci-Fi;1996;22;seem;2013
91;452;7.64;Brian Graham;Australia;1987;Miss be nearly.;Fiction;2014;31;indeed;2011
323;277;2.1;Amber Henson;UK;1969;That exist over.;Sci-Fi;2015;19;build;2000
338;734;1.82;Joann Baker;UK;1967;Green education.;Mystery;2006;8;detail;1983
318;135;1.87;Matthew Ruiz;UK;1982;You report risk.;Fiction;2007;23;produce;2005
165;110;3.8;Lisa Wagner;Canada;1968;Green ready.;Non-fiction;2006;37;gun;2016
146;610;2.64;Mark Cardenas;Australia;1991;Big garden everything.;Sci-Fi;2004;42;great;2005
334;143;1.99;Lance Weaver;Canada;1982;To wish.;Fiction;1986;46;drop;2005
164;567;5.2;John Allen;USA;1959;Another everybody operation.;Non-fiction;1990;39;tend;1994
197;349;3.88;Catherine Wu;Canada;1979;Small many decade.;Mystery;2010;4;machine;1985
171;499;7.49;Brooke Johnston;Australia;1991;Garden both.;Mystery;1993;8;detail;1983
63;267;2.86;Brian Thompson;USA;1996;New mind.;Sci-Fi;2013;43;list;2012
290;488;3.42;Ronald Carter;USA;1972;Garden recent relationship.;Sci-Fi;2003;36;event;2005
176;870;9.05;Angela Sanders;Canada;1982;Know will cultural.;Mystery;1980;42;great;2005
15;262;5.5;Robert Roach;Canada;1962;Easy much lead.;Fiction;2015;36;event;2005
210;979;0.88;Carrie Brown;Canada;1986;Help hotel condition cup.;Sci-Fi;1980;30;possible;1994
12;931;8.72;James Wallace;USA;1974;Possible let.;Fiction;1991;30;possible;1994
279;311;9.63;Angela Fisher;Canada;1963;Material this tell.;Fiction;2005;48;high;2003
369;887;0.14;Mark Shepherd;Australia;1975;Himself hair.;Non-fiction;2018;16;apply;1997
202;38;6.24;Keith Martinez;UK;1953;Research.;Sci-Fi;2016;19;build;2000
359;534;5.16;Stephen Brooks;Canada;1960;Certainly laugh financial.;Mystery;2000;50;bring;1999
222;597;8.9;Tara Bailey;Canada;1968;Hair owner.;Fiction;1998;18;bed;2012
324;641;0.45;Donald Vasquez;USA;1958;Gas because.;Fiction;1990;21;concern;2005
51;847;6.15;Bethany Harris;USA;1966;Republican drug trade.;Sci-Fi;2009;23;produce;2005
373;638;1.49;Sara Miller;Australia;1974;Left source around.;Sci-Fi;2007;22;seem;2013
348;479;6.59;Eric Zimmerman;USA;1996;Home they age.;Sci-Fi;1993;47;his;1980
248;995;4.95;Jesus Nunez;USA;1960;Particularly however before eat.;Non-fiction;2001;13;one;1986
305;943;7.73;Kristen Brown;UK;1986;Billion majority.;Non-fiction;2002;32;say;1998
161;266;0.61;Christopher Hicks;Australia;1976;Spend national house.;Mystery;2006;44;example;2005
84;511;6.56;Lisa Patel;Australia;1999;New water personal term.;Non-fiction;2017;48;high;2003
200;88;5.55;Kelly Barron MD;Canada;1965;He somebody international down.;Non-fiction;1993;22;seem;2013
50;778;6.94;Robert Knapp;USA;1994;Record tend.;Fiction;2022;39;tend;1994
236;579;5.71;Daniel Long;Australia;1993;Beat or.;Non-fiction;2014;12;five;1993
197;320;9.93;Catherine Wu;Canada;1979;Those rest.;Non-fiction;1990;1;security;1994
244;761;9.51;Christopher Fuller;Australia;1993;Account claim culture.;Fiction;2006;1;security;1994
144;747;2.95;Holly Hahn;Australia;1953;Add mean part.;Non-fiction;1986;21;concern;2005
179;895;6.73;Rebecca Thompson;USA;1989;Own similar but.;Non-fiction;2020;43;list;2012
350;824;1.2;Victoria Willis;UK;1962;Camera production artist.;Mystery;1994;43;list;2012
45;920;1.59;Denise Williams;USA;1983;Whom officer truth hundred.;Sci-Fi;2020;41;beyond;2003
39;689;2.98;Gabriel Maddox;UK;1958;Situation test country.;Fiction;1984;6;put;1993
361;482;8.99;Pamela Perkins;Australia;1950;Quite development truth.;Non-fiction;2017;1;security;1994
114;728;7.08;Terry Webb;Canada;1970;Whose green.;Non-fiction;1993;45;live;1999
15;341;9.02;Robert Roach;Canada;1962;Real prove.;Mystery;1984;29;write;2013
186;94;9.7;Michael Adkins;USA;1986;Way during interesting.;Fiction;2005;35;wall;2019
86;822;6.78;Heidi Wheeler;USA;1993;Story nice.;Sci-Fi;1988;24;generation;2009
297;881;2.53;Monica Lopez;Canada;1966;Front.;Non-fiction;1980;43;list;2012
249;505;2.03;Nathaniel Hicks;UK;1958;Energy region create until.;Fiction;1984;35;wall;2019
358;542;9.62;Jonathan Kelley;Australia;1991;Model arrive.;Sci-Fi;2022;23;produce;2005
297;604;8.84;Monica Lopez;Canada;1966;Very significant yard.;Non-fiction;1988;8;detail;1983
51;319;5.94;Bethany Harris;USA;1966;Tough blue situation.;Fiction;1997;7;exist;1992
325;518;4.26;Hannah James;UK;1958;Focus stop life.;Fiction;1985;38;maintain;1986
77;260;1.17;Kenneth Miller;Canada;1963;Decision treatment through.;Sci-Fi;2004;25;ever;1980
27;14;9.68;Michelle Watson;Canada;1966;Strategy.;Non-fiction;2021;7;exist;1992
307;753;1.93;Jason Ross;USA;1989;Town worry floor.;Sci-Fi;2003;7;exist;1992
361;681;1.65;Pamela Perkins;Australia;1950;But probably during.;Mystery;1982;14;owner;1993
287;36;9.48;Alexandra Barr;USA;1989;National woman.;Mystery;1987;4;machine;1985
242;365;3;William Fernandez Jr.;UK;1996;Suddenly maybe.;Fiction;1982;22;seem;2013
3;621;4.99;Chelsea Palmer;UK;1987;Cold send.;Mystery;1990;5;operation;2005
345;315;2.47;Tracey Duarte;Canada;1973;Environment political machine.;Fiction;2011;4;machine;1985
191;963;7.41;Monique Benton DDS;Australia;1992;Reduce cup.;Non-fiction;2020;24;generation;2009
326;24;0.73;Justin Dunn;Australia;1969;A use happen.;Fiction;2015;24;generation;2009
68;184;9.7;Michael Haynes;Australia;1967;Safe.;Fiction;2005;11;attorney;2002
358;339;5.08;Jonathan Kelley;Australia;1991;Sell much.;Sci-Fi;1991;14;owner;1993
105;566;1.04;Mrs. Lindsey Perkins MD;Australia;1956;Individual budget.;Mystery;1994;39;tend;1994
328;621;7.24;Martha Fox;Canada;1978;Cold send.;Mystery;1990;5;operation;2005
324;6;4.8;Donald Vasquez;USA;1958;Five discuss which.;Fiction;2010;26;customer;2014
195;163;9.6;Thomas Patel;USA;1959;Growth home rock.;Mystery;1987;22;seem;2013
153;1;9.66;Bradley Jackson;USA;1965;Smile change.;Sci-Fi;2003;43;list;2012
5;311;5.23;Corey Cook;UK;1956;Material this tell.;Fiction;2005;48;high;2003
22;622;4.14;Meghan Ferguson;Canada;1982;Until pattern.;Fiction;1999;25;ever;1980
222;478;4.47;Tara Bailey;Canada;1968;Card action same.;Fiction;1985;2;create;2020
109;142;7.27;Rebecca Turner;USA;1984;Part glass majority.;Sci-Fi;2011;23;produce;2005
118;192;7.2;Frances Valdez;UK;1950;Data many.;Mystery;2013;5;operation;2005
190;491;6.42;James Butler;Australia;1961;Increase.;Mystery;1980;33;social;2002
38;571;1.73;Dawn Barrett;Australia;1958;Open cell.;Mystery;1986;32;say;1998
148;501;9.2;William Guerrero;Canada;1967;Current beat.;Non-fiction;2010;41;beyond;2003
67;667;5.24;Brandy Anderson;UK;1969;Player from early.;Mystery;2006;24;generation;2009
88;697;9.22;Michael Miller;UK;1958;Current down.;Mystery;1989;45;live;1999
340;689;9.81;Carolyn Brown;UK;1985;Situation test country.;Fiction;1984;6;put;1993
222;392;0.16;Tara Bailey;Canada;1968;Remain half even by.;Sci-Fi;1988;16;apply;1997
37;162;7.1;Laura Downs;Australia;1954;Commercial owner kitchen cultural.;Sci-Fi;2009;37;gun;2016
387;837;4.98;William Robbins;USA;1968;Heavy federal tax.;Mystery;2021;48;high;2003
36;552;3.24;Michael Black;Australia;1966;Sit.;Non-fiction;1992;19;build;2000
319;691;4.31;Stacy Monroe;UK;1964;Left tax away.;Non-fiction;1992;48;high;2003
221;608;3.63;Gabrielle Reid;USA;1995;Imagine before race yet.;Fiction;1984;10;center;2005
20;243;5.56;Drew Garcia;Canada;1972;When.;Mystery;2002;13;one;1986
213;113;1.38;Jessica Jones;Canada;1955;Tax offer couple.;Non-fiction;1989;40;at;2007
136;792;5.36;Michael Sherman;UK;1974;Around nature.;Sci-Fi;2021;33;social;2002
5;835;9.97;Corey Cook;UK;1956;Star page charge.;Mystery;1992;37;gun;2016
391;651;4.05;Thomas Wood;UK;1953;Adult itself.;Sci-Fi;1996;16;apply;1997
398;356;1.13;Paul Smith;Canada;1952;Plant so.;Non-fiction;1996;33;social;2002
18;625;2.72;Robert Bartlett;UK;1974;General play.;Sci-Fi;2014;22;seem;2013
23;466;9.33;Dustin Lewis;Canada;1962;Be west.;Fiction;2002;29;write;2013
205;951;1.18;Matthew Burke;USA;1972;Guess character perform.;Sci-Fi;2005;45;live;1999
88;203;2.43;Michael Miller;UK;1958;Director according newspaper.;Mystery;2021;50;bring;1999
136;670;1.51;Michael Sherman;UK;1974;Become find.;Non-fiction;2018;36;event;2005
14;341;9.18;Tiffany Stewart;Canada;1991;Real prove.;Mystery;1984;29;write;2013
140;826;9.06;Amber Jimenez;USA;1977;Section turn sense.;Fiction;2020;6;put;1993
294;500;9.93;Gerald Garcia;Canada;1984;Mother phone.;Fiction;2013;32;say;1998
185;561;5.58;Debra Ochoa;Canada;1984;Both shoulder week.;Non-fiction;2015;10;center;2005
27;404;6.01;Michelle Watson;Canada;1966;Interview various imagine.;Non-fiction;2022;26;customer;2014
270;779;4.52;John Ward;UK;1963;Sound day seek.;Mystery;1983;42;great;2005
195;974;8.45;Thomas Patel;USA;1959;Yeah energy.;Fiction;2013;23;produce;2005
204;157;8.39;Brady Garrett;Canada;1950;View management peace.;Mystery;1996;27;sound;2022
43;74;4.63;Colin Robinson;USA;1954;Charge land evening.;Fiction;2004;41;beyond;2003
340;64;4.3;Carolyn Brown;UK;1985;General certain guy.;Non-fiction;2001;34;hair;2004
372;476;4.21;Mr. Ricky Mills PhD;USA;1963;Leader modern.;Non-fiction;1994;28;those;1995
65;913;3.99;Cynthia Powell;USA;1964;Claim.;Sci-Fi;2021;47;his;1980
6;236;6.63;Charles White;USA;1954;Themselves on just.;Mystery;1991;35;wall;2019
24;176;7.3;Sarah Moore;Canada;1977;Who size.;Mystery;1986;48;high;2003
70;401;5.09;Rhonda Salinas;Canada;1960;Voice early husband.;Mystery;1988;38;maintain;1986
255;460;2.98;Jennifer Diaz;Australia;1980;Event see food.;Fiction;1986;39;tend;1994
348;771;2.45;Eric Zimmerman;USA;1996;Late fine.;Sci-Fi;2010;14;owner;1993
135;440;6.54;Lisa Fisher;Canada;1984;Town financial range hard.;Mystery;1982;18;bed;2012
385;442;0.61;William Briggs;Australia;1984;Able health.;Non-fiction;2007;40;at;2007
251;317;7.86;John Wilson;UK;1995;Make about.;Fiction;1987;31;indeed;2011
44;940;5.12;Adrian Moore;Canada;1991;Ready data.;Non-fiction;1994;1;security;1994
32;684;9.13;Heather Roberts;UK;1999;Us response.;Mystery;1993;16;apply;1997
288;661;6.23;Steven Ward;Canada;1985;Nice west.;Sci-Fi;2009;39;tend;1994
395;887;4.89;Todd Carter;Canada;1966;Himself hair.;Non-fiction;2018;16;apply;1997
251;291;8.96;John Wilson;UK;1995;Budget must.;Fiction;1980;15;describe;1986
23;704;9.24;Dustin Lewis;Canada;1962;Degree understand.;Non-fiction;2006;27;sound;2022
360;515;4.3;Pamela Fitzgerald;UK;1964;Treat why rest.;Non-fiction;2003;5;operation;2005
259;150;8.4;Hunter Rivera;Canada;1965;Character traditional organization.;Mystery;1987;27;sound;2022
343;99;4.28;Elizabeth Morris;UK;1990;Speak research.;Non-fiction;2006;12;five;1993
121;11;3.09;Terri Garcia;Canada;1983;Past television until.;Fiction;2011;38;maintain;1986
130;817;2.22;Susan Juarez;UK;1984;Quite cup.;Mystery;1980;8;detail;1983
236;959;5.67;Daniel Long;Australia;1993;Personal easy.;Mystery;2010;26;customer;2014
15;964;8.8;Robert Roach;Canada;1962;Fact yeah.;Non-fiction;1990;47;his;1980
288;470;5.91;Steven Ward;Canada;1985;Cover international.;Non-fiction;1983;42;great;2005
236;671;5.93;Daniel Long;Australia;1993;Only middle.;Non-fiction;2005;9;behind;1997
134;276;2.42;Carmen Gordon;Canada;1960;Find food.;Mystery;1994;47;his;1980
54;359;6.3;John Coleman;UK;1958;Know expect information.;Mystery;2010;13;one;1986
387;79;6.78;William Robbins;USA;1968;Magazine become.;Fiction;1992;47;his;1980
280;910;3.11;Jack Taylor;UK;1986;Eight set marriage.;Sci-Fi;2003;40;at;2007
153;334;4.73;Bradley Jackson;USA;1965;Business how officer.;Non-fiction;2014;8;detail;1983
37;170;1.1;Laura Downs;Australia;1954;Find total hope.;Mystery;2016;19;build;2000
158;744;7.7;Anne Hayes;USA;1976;Campaign.;Non-fiction;2019;15;describe;1986
84;878;6.05;Lisa Patel;Australia;1999;Participant billion sea.;Mystery;1986;32;say;1998
152;142;8.15;Vincent Williams;Canada;1994;Part glass majority.;Sci-Fi;2011;23;produce;2005
51;436;1.93;Bethany Harris;USA;1966;West though.;Non-fiction;1994;39;tend;1994
374;396;3.59;Sarah Price;UK;1982;Here campaign.;Sci-Fi;2001;7;exist;1992
89;75;2.26;Jacob Sandoval;UK;1973;Pass amount as.;Mystery;2006;26;customer;2014
119;63;0.21;Debbie Stewart;USA;1998;Budget explain.;Non-fiction;2018;7;exist;1992
256;679;8.87;Brittany Robinson;USA;1951;Agent difficult treat.;Fiction;2002;48;high;2003
206;424;2.39;Kristen Smith;Canada;1995;Station her.;Mystery;2012;45;live;1999
50;712;2.57;Robert Knapp;USA;1994;Mean feel.;Mystery;1993;3;authority;2011
82;877;0.57;Robert Carrillo;UK;1959;Together lead.;Fiction;1998;44;example;2005
346;814;3.35;Juan Bean;Australia;1987;Some by.;Sci-Fi;2005;1;security;1994
195;680;1.66;Thomas Patel;USA;1959;Field moment language.;Non-fiction;1997;3;authority;2011
277;779;5.78;Ruben Fleming;Australia;1969;Sound day seek.;Mystery;1983;42;great;2005
306;881;4.81;Donald Stewart;Australia;1980;Front.;Non-fiction;1980;43;list;2012
65;988;7.56;Cynthia Powell;USA;1964;Race.;Non-fiction;2010;12;five;1993
381;450;1.05;Eric Kelley;Canada;1991;Hotel church cost environmental.;Sci-Fi;2004;48;high;2003
127;28;5.27;Eric York;USA;1972;President rule.;Mystery;1992;13;one;1986
71;628;5.42;Amanda Freeman;UK;1953;Foreign.;Non-fiction;2004;45;live;1999
308;728;6.88;Francisco Molina;Canada;1995;Whose green.;Non-fiction;1993;45;live;1999
99;132;2.03;Sandra Sullivan;Australia;1953;With goal very.;Sci-Fi;2012;25;ever;1980
278;913;4.03;Kathleen Ward;UK;1959;Claim.;Sci-Fi;2021;47;his;1980
394;651;8.46;Sharon Gross MD;Australia;1985;Adult itself.;Sci-Fi;1996;16;apply;1997
23;658;7.89;Dustin Lewis;Canada;1962;Ok material moment thing.;Mystery;2001;46;drop;2005
226;285;2.37;Joshua Davenport;UK;1974;Action line.;Fiction;2002;1;security;1994
282;721;5.19;Charles Salazar;Australia;1957;Across ask.;Sci-Fi;2004;19;build;2000
267;277;9.94;Dennis Hanson;UK;1960;That exist over.;Sci-Fi;2015;19;build;2000
103;661;8.99;Jason Rose;UK;1999;Nice west.;Sci-Fi;2009;39;tend;1994
332;394;0.88;Kendra Carr;Canada;1950;Parent.;Mystery;2014;15;describe;1986
318;201;0.43;Matthew Ruiz;UK;1982;Box cut.;Sci-Fi;1983;19;build;2000
60;967;5.53;David Mendez;USA;1973;Behavior star.;Mystery;2010;42;great;2005
43;71;7.58;Colin Robinson;USA;1954;Alone though deep.;Non-fiction;2000;10;center;2005
385;12;7.33;William Briggs;Australia;1984;Moment.;Fiction;2018;20;reality;2001
374;471;5.12;Sarah Price;UK;1982;Because read quality.;Non-fiction;1980;1;security;1994
291;347;0.14;Samantha Simmons;USA;1999;Chance beat drop make.;Sci-Fi;2008;9;behind;1997
366;221;2.69;Michael Zimmerman;USA;1986;Development face.;Non-fiction;1992;42;great;2005
83;156;5.65;Nicole Mercado;Australia;1968;Product eight general.;Sci-Fi;2009;38;maintain;1986
229;982;0.56;Joseph Miller;UK;1970;Blue my along.;Mystery;1982;24;generation;2009
89;698;5.13;Jacob Sandoval;UK;1973;Change training rich.;Non-fiction;2020;40;at;2007
148;798;9.88;William Guerrero;Canada;1967;Small effort according.;Non-fiction;2017;46;drop;2005
166;910;8.74;Susan Cummings;Australia;1955;Eight set marriage.;Sci-Fi;2003;40;at;2007
186;257;7.68;Michael Adkins;USA;1986;Number operation one.;Mystery;1987;45;live;1999
359;721;8.24;Stephen Brooks;Canada;1960;Across ask.;Sci-Fi;2004;19;build;2000
302;536;1.75;Dawn Nelson;Canada;1994;Second consider.;Fiction;1987;11;attorney;2002
73;796;4.09;Danielle Barnes;UK;1971;Conference safe policy.;Mystery;2000;8;detail;1983
16;28;6.29;Clifford Hicks;USA;1950;President rule.;Mystery;1992;13;one;1986
326;544;2.47;Justin Dunn;Australia;1969;Image green.;Fiction;1998;5;operation;2005
120;328;8.04;Frances Smith;UK;1970;Level appear lose.;Non-fiction;1980;32;say;1998
343;807;7;Elizabeth Morris;UK;1990;Become court.;Mystery;2022;12;five;1993
100;852;5.56;Daniel Hart;UK;1979;Group ok.;Sci-Fi;2002;38;maintain;1986
270;969;7.38;John Ward;UK;1963;Interview across control nation.;Mystery;2005;36;event;2005
374;185;9.47;Sarah Price;UK;1982;Fire rock read.;Sci-Fi;1990;4;machine;1985
34;111;0.09;Brittany Murphy;Canada;1988;Huge large alone.;Sci-Fi;1993;31;indeed;2011
38;1;6.39;Dawn Barrett;Australia;1958;Smile change.;Sci-Fi;2003;43;list;2012
323;313;7.71;Amber Henson;UK;1969;Begin.;Non-fiction;2013;22;seem;2013
271;471;7.56;Gregory Fowler;USA;1972;Because read quality.;Non-fiction;1980;1;security;1994
365;746;3.72;Sean Howard;USA;1952;Capital.;Fiction;1996;36;event;2005
265;500;8.86;Mrs. Michelle Green MD;USA;1994;Mother phone.;Fiction;2013;32;say;1998
277;977;0.24;Ruben Fleming;Australia;1969;Note too.;Mystery;1986;31;indeed;2011
138;704;7.91;Jessica Williams;Canada;1951;Degree understand.;Non-fiction;2006;27;sound;2022
144;37;0.75;Holly Hahn;Australia;1953;Soon determine wear.;Sci-Fi;2006;12;five;1993
220;973;2.79;Christopher Phillips;USA;1957;Call also up.;Sci-Fi;2006;42;great;2005
48;791;3.58;Nicole Payne;Australia;1979;Note.;Sci-Fi;2014;32;say;1998
198;724;4.6;Dylan Green;Australia;1957;Fish available.;Fiction;2000;5;operation;2005
24;948;1.41;Sarah Moore;Canada;1977;Mission onto.;Fiction;1988;16;apply;1997
147;224;1.62;Courtney Brown;Australia;1970;Interview green later.;Non-fiction;1982;13;one;1986
293;547;2.98;James Peters;Australia;1952;Ball another recognize.;Non-fiction;2022;27;sound;2022
257;674;3.42;Valerie Johnson;UK;1960;Generation easy.;Non-fiction;2018;49;road;1994
143;158;9.51;Heather Love;Australia;1957;Matter everyone.;Sci-Fi;2019;40;at;2007
154;835;6.48;Heather Rodriguez;Australia;1954;Star page charge.;Mystery;1992;37;gun;2016
268;211;4.87;Carol Willis;USA;1986;Rise citizen.;Mystery;2004;22;seem;2013
103;624;3.02;Jason Rose;UK;1999;Relationship together wall.;Fiction;2008;8;detail;1983
294;667;7.24;Gerald Garcia;Canada;1984;Player from early.;Mystery;2006;24;generation;2009
143;815;0.13;Heather Love;Australia;1957;Down probably.;Sci-Fi;2018;34;hair;2004
93;580;0.31;Emma Mendoza;Australia;1964;Ahead protect.;Non-fiction;1987;4;machine;1985
153;148;2.82;Bradley Jackson;USA;1965;Rest door true.;Fiction;1997;10;center;2005
83;152;7.38;Nicole Mercado;Australia;1968;Compare.;Sci-Fi;1988;29;write;2013
34;167;9.56;Brittany Murphy;Canada;1988;Chance.;Non-fiction;2005;19;build;2000
331;507;3.16;Melissa Hernandez;UK;1984;Local.;Mystery;1982;36;event;2005
83;643;3.97;Nicole Mercado;Australia;1968;However study some.;Fiction;1983;6;put;1993
14;56;9.93;Tiffany Stewart;Canada;1991;Religious often.;Non-fiction;1997;9;behind;1997
210;764;3.65;Carrie Brown;Canada;1986;Mr maintain.;Non-fiction;1984;33;social;2002
283;911;0.92;Joshua Fisher;USA;1994;Crime say.;Sci-Fi;2015;23;produce;2005
237;940;0.08;Rachael Collins;USA;1971;Ready data.;Non-fiction;1994;1;security;1994
33;379;7.91;Barry Michael;USA;1968;Could protect he husband.;Mystery;1985;23;produce;2005
223;723;1.09;Natalie Haney;Australia;1985;Difference site.;Sci-Fi;2010;28;those;1995
43;450;7.12;Colin Robinson;USA;1954;Hotel church cost environmental.;Sci-Fi;2004;48;high;2003
86;910;6.11;Heidi Wheeler;USA;1993;Eight set marriage.;Sci-Fi;2003;40;at;2007
323;36;4.57;Amber Henson;UK;1969;National woman.;Mystery;1987;4;machine;1985
204;747;5.57;Brady Garrett;Canada;1950;Add mean part.;Non-fiction;1986;21;concern;2005
288;192;0.11;Steven Ward;Canada;1985;Data many.;Mystery;2013;5;operation;2005
57;487;8.99;Timothy Whitaker;Australia;1997;Woman already space.;Sci-Fi;2006;14;owner;1993
25;133;6.11;Chelsey Aguilar;UK;1960;Fast decide lay.;Fiction;1984;18;bed;2012
312;415;8.37;Shannon Taylor;Canada;1965;Experience between.;Sci-Fi;1987;34;hair;2004
178;385;8.74;Robert Gross;UK;1970;Want poor.;Fiction;2021;29;write;2013
244;203;6.99;Christopher Fuller;Australia;1993;Director according newspaper.;Mystery;2021;50;bring;1999
147;513;3.88;Courtney Brown;Australia;1970;Lose keep prove.;Fiction;1988;12;five;1993
305;476;9.42;Kristen Brown;UK;1986;Leader modern.;Non-fiction;1994;28;those;1995
312;561;7.43;Shannon Taylor;Canada;1965;Both shoulder week.;Non-fiction;2015;10;center;2005
182;454;6.62;Luis Haney;Australia;1952;Reduce film.;Fiction;1984;14;owner;1993
145;42;7.08;Mr. Thomas Sherman MD;Australia;1987;Represent power that live.;Non-fiction;1986;45;live;1999
299;48;6.73;Richard Allison;USA;1954;Plan page family.;Fiction;2010;37;gun;2016
220;533;6.68;Christopher Phillips;USA;1957;She rate perform.;Non-fiction;2010;38;maintain;1986
34;493;6.79;Brittany Murphy;Canada;1988;Research increase himself.;Sci-Fi;2011;49;road;1994
287;895;8.21;Alexandra Barr;USA;1989;Own similar but.;Non-fiction;2020;43;list;2012
386;335;6.11;Kelli Ellis;UK;1957;Of real eight.;Non-fiction;1983;7;exist;1992
331;657;1.13;Melissa Hernandez;UK;1984;Successful environment.;Fiction;1997;18;bed;2012
31;813;4.87;Angela Garcia PhD;USA;1961;How skill bit.;Mystery;1995;8;detail;1983
252;648;1.45;Tracy Matthews;Australia;1961;Population character.;Sci-Fi;2010;2;create;2020
50;502;1.76;Robert Knapp;USA;1994;And six.;Sci-Fi;2021;3;authority;2011
57;417;1.11;Timothy Whitaker;Australia;1997;Window key.;Sci-Fi;1985;9;behind;1997
363;552;3.75;Natasha Delgado;Canada;1994;Sit.;Non-fiction;1992;19;build;2000
9;288;5.26;Kathleen Brock;USA;1957;Study by manage.;Sci-Fi;1998;34;hair;2004
302;606;3.36;Dawn Nelson;Canada;1994;Century tough.;Mystery;2001;38;maintain;1986
185;388;5.05;Debra Ochoa;Canada;1984;Show end fight.;Mystery;2009;5;operation;2005
115;829;4.59;Renee Walker;Australia;1958;Possible term.;Mystery;2018;38;maintain;1986
295;195;1.17;Amy Dennis;UK;1959;Family actually.;Mystery;2005;17;record;1982
304;866;0.95;Dennis Murillo;Australia;1984;May next between subject.;Fiction;2003;41;beyond;2003
87;387;2.12;Eric Roberson;Canada;1965;Air serve east for.;Fiction;1981;36;event;2005
256;498;9.55;Brittany Robinson;USA;1951;Book nearly score.;Mystery;2003;20;reality;2001
1;742;8.36;David Richardson;UK;1965;Eat always.;Non-fiction;2001;8;detail;1983
47;657;6.11;Jennifer Moore;USA;1989;Successful environment.;Fiction;1997;18;bed;2012
91;37;0.23;Brian Graham;Australia;1987;Soon determine wear.;Sci-Fi;2006;12;five;1993
274;554;4.89;Kim Valencia;Australia;1967;Fill only argue.;Sci-Fi;2012;6;put;1993
334;260;9.63;Lance Weaver;Canada;1982;Decision treatment through.;Sci-Fi;2004;25;ever;1980
136;952;0.43;Michael Sherman;UK;1974;West available sit police.;Non-fiction;1982;29;write;2013
130;28;5.3;Susan Juarez;UK;1984;President rule.;Mystery;1992;13;one;1986
328;340;4.41;Martha Fox;Canada;1978;Follow whole better foot.;Sci-Fi;2022;40;at;2007
173;363;0.35;Nicole Robinson;Australia;1979;Detail system.;Mystery;1989;32;say;1998
247;808;0.35;Rebecca Thomas;UK;1951;Answer mother.;Sci-Fi;2012;33;social;2002
184;513;6.27;Elizabeth Ponce;Canada;1956;Lose keep prove.;Fiction;1988;12;five;1993
327;531;2.37;Tina Deleon;USA;1997;Offer girl mother.;Fiction;2001;39;tend;1994
293;215;1.65;James Peters;Australia;1952;Growth culture world.;Fiction;1998;47;his;1980
138;758;6.22;Jessica Williams;Canada;1951;Serve power so.;Non-fiction;1984;35;wall;2019
85;548;8.15;Brent Green;UK;1990;Federal small table.;Fiction;2017;39;tend;1994
379;689;3.01;Abigail Dean;Canada;1978;Situation test country.;Fiction;1984;6;put;1993
138;841;9.99;Jessica Williams;Canada;1951;Could Mr deal.;Non-fiction;1995;36;event;2005
8;115;6.9;Thomas Castillo;USA;1978;Type every national all.;Mystery;1984;23;produce;2005
294;365;6.13;Gerald Garcia;Canada;1984;Suddenly maybe.;Fiction;1982;22;seem;2013
294;785;4.31;Gerald Garcia;Canada;1984;Small woman.;Sci-Fi;1993;16;apply;1997
370;265;6.72;Brenda Scott;UK;1982;Control.;Sci-Fi;1994;42;great;2005
318;382;6.26;Matthew Ruiz;UK;1982;See six down.;Mystery;2016;15;describe;1986
217;6;5.96;Daniel Roberts DDS;UK;1962;Five discuss which.;Fiction;2010;26;customer;2014
275;581;5.8;Shirley Webster;Australia;1959;About eight organization.;Fiction;1994;25;ever;1980
138;677;7.14;Jessica Williams;Canada;1951;Both friend.;Non-fiction;2001;44;example;2005
206;253;8.47;Kristen Smith;Canada;1995;Single property as.;Sci-Fi;2002;6;put;1993
56;42;3.86;Renee Garcia;UK;1964;Represent power that live.;Non-fiction;1986;45;live;1999
335;836;3.44;Joshua Mills;Canada;1975;People heavy find.;Mystery;1988;21;concern;2005
208;475;3.77;Calvin Garza;Australia;1990;Natural study somebody.;Non-fiction;1996;18;bed;2012
237;369;7.35;Rachael Collins;USA;1971;But key.;Non-fiction;1991;11;attorney;2002
377;9;3.51;Kathryn Thomas;Australia;1983;Responsibility know star.;Mystery;2014;39;tend;1994
286;580;7.38;Molly Thompson;Australia;1964;Ahead protect.;Non-fiction;1987;4;machine;1985
189;722;8.17;Thomas Glover;UK;1995;Continue practice article.;Sci-Fi;2015;43;list;2012
365;833;0.66;Sean Howard;USA;1952;Itself teacher.;Mystery;2012;45;live;1999
143;448;9.88;Heather Love;Australia;1957;Land election check.;Sci-Fi;2003;12;five;1993
97;758;7.78;Bruce Howard;Australia;1952;Serve power so.;Non-fiction;1984;35;wall;2019
343;903;2.13;Elizabeth Morris;UK;1990;Moment party.;Mystery;2019;41;beyond;2003
55;565;8.31;Kayla Gordon;USA;1973;History quite.;Fiction;2012;1;security;1994
152;22;6.1;Vincent Williams;Canada;1994;Deep brother.;Mystery;2021;15;describe;1986
279;722;8.3;Angela Fisher;Canada;1963;Continue practice article.;Sci-Fi;2015;43;list;2012
285;576;3.77;Kimberly Page;Canada;1956;Heavy imagine.;Sci-Fi;2021;4;machine;1985
275;442;0.46;Shirley Webster;Australia;1959;Able health.;Non-fiction;2007;40;at;2007
389;718;9.13;Heather Crawford;USA;1954;Shoulder high floor.;Fiction;1981;50;bring;1999
176;32;7.01;Angela Sanders;Canada;1982;That three.;Mystery;2009;41;beyond;2003
210;891;7.37;Carrie Brown;Canada;1986;Financial rest watch.;Fiction;2021;3;authority;2011
378;470;2.57;Kara Davis;USA;1989;Cover international.;Non-fiction;1983;42;great;2005
20;193;2.91;Drew Garcia;Canada;1972;Happy wall.;Fiction;2003;49;road;1994
166;52;6.35;Susan Cummings;Australia;1955;Bed listen seek.;Non-fiction;1984;4;machine;1985
308;62;9.93;Francisco Molina;Canada;1995;Challenge major.;Fiction;2015;33;social;2002
18;55;5.96;Robert Bartlett;UK;1974;Company ok attention.;Sci-Fi;2000;10;center;2005
298;754;3.9;Christine Garcia;Australia;1957;Direction card late.;Fiction;2016;39;tend;1994
325;24;9.33;Hannah James;UK;1958;A use happen.;Fiction;2015;24;generation;2009
114;637;0.24;Terry Webb;Canada;1970;Mind together character.;Fiction;1981;5;operation;2005
178;309;1.58;Robert Gross;UK;1970;Phone movie.;Mystery;2018;26;customer;2014
39;681;7.52;Gabriel Maddox;UK;1958;But probably during.;Mystery;1982;14;owner;1993
285;794;9.91;Kimberly Page;Canada;1956;Cover organization easy power.;Sci-Fi;1994;20;reality;2001
295;212;3.41;Amy Dennis;UK;1959;General general.;Fiction;1989;33;social;2002
26;519;7.68;Aaron Myers;USA;1959;Manage benefit.;Mystery;1983;14;owner;1993
3;56;2.22;Chelsea Palmer;UK;1987;Religious often.;Non-fiction;1997;9;behind;1997
167;449;5.04;Melvin Smith;UK;1953;Force.;Sci-Fi;2007;44;example;2005
198;190;7.82;Dylan Green;Australia;1957;Prepare option wind.;Sci-Fi;2015;12;five;1993
362;562;2.56;Elizabeth Wolfe;Australia;1951;Argue edge trip crime.;Non-fiction;1988;48;high;2003
19;242;5.27;Steve Johnson;Canada;1951;Both amount room.;Mystery;2019;6;put;1993
6;116;6.65;Charles White;USA;1954;Consumer practice.;Non-fiction;1989;35;wall;2019
368;381;1.75;Angela Acevedo;Canada;1992;Theory picture something.;Mystery;1994;7;exist;1992
357;420;2.59;Joseph Kirby;Canada;1979;Term third.;Mystery;2005;16;apply;1997
201;939;7.56;Emily Smith;UK;1974;Future second beat.;Mystery;1989;41;beyond;2003
218;201;6.78;Crystal Welch;UK;1953;Box cut.;Sci-Fi;1983;19;build;2000
95;212;8.59;Michael Lopez;Canada;1954;General general.;Fiction;1989;33;social;2002
310;16;8.67;Amber Fritz;Australia;1993;Evidence poor be key.;Mystery;2020;32;say;1998
107;223;5.08;Kathryn Wagner;UK;1951;Science owner I down.;Fiction;1990;23;produce;2005
90;449;0.27;James Miller II;UK;1989;Force.;Sci-Fi;2007;44;example;2005
337;81;5.58;Janet Payne;Australia;1994;Dark force some.;Fiction;2006;1;security;1994
273;949;7.31;Misty White;Canada;1953;Room.;Non-fiction;1996;15;describe;1986
63;633;9.96;Brian Thompson;USA;1996;Baby major.;Sci-Fi;1982;26;customer;2014
50;399;3.29;Robert Knapp;USA;1994;Time add accept.;Non-fiction;1985;32;say;1998
95;165;4.83;Michael Lopez;Canada;1954;Family over.;Non-fiction;1990;17;record;1982
324;761;7.01;Donald Vasquez;USA;1958;Account claim culture.;Fiction;2006;1;security;1994
145;144;4.33;Mr. Thomas Sherman MD;Australia;1987;Hour less book.;Sci-Fi;2003;34;hair;2004
394;543;2.54;Sharon Gross MD;Australia;1985;Film public heart.;Sci-Fi;2013;12;five;1993
200;73;9.08;Kelly Barron MD;Canada;1965;Bed walk.;Non-fiction;1999;19;build;2000
329;788;9.54;Miguel Lopez;Canada;1994;Western condition.;Non-fiction;2000;50;bring;1999
178;468;7.59;Robert Gross;UK;1970;Research performance American.;Non-fiction;1985;20;reality;2001
318;454;0.83;Matthew Ruiz;UK;1982;Reduce film.;Fiction;1984;14;owner;1993
341;66;6.73;Seth Berg;Canada;1961;Billion line quality.;Non-fiction;2014;8;detail;1983
127;897;2.37;Eric York;USA;1972;Difficult foot.;Sci-Fi;1981;1;security;1994
11;721;6.69;Paul Weeks;Canada;1990;Across ask.;Sci-Fi;2004;19;build;2000
130;907;2.84;Susan Juarez;UK;1984;Choice they.;Sci-Fi;2007;32;say;1998
323;482;0.43;Amber Henson;UK;1969;Quite development truth.;Non-fiction;2017;1;security;1994
213;891;2.38;Jessica Jones;Canada;1955;Financial rest watch.;Fiction;2021;3;authority;2011
65;779;0.74;Cynthia Powell;USA;1964;Sound day seek.;Mystery;1983;42;great;2005
43;408;7.99;Colin Robinson;USA;1954;Strategy practice.;Mystery;1992;43;list;2012
218;699;4.25;Crystal Welch;UK;1953;Thus.;Non-fiction;2017;18;bed;2012
345;368;3.1;Tracey Duarte;Canada;1973;Thank reveal.;Sci-Fi;1984;25;ever;1980
337;223;0.98;Janet Payne;Australia;1994;Science owner I down.;Fiction;1990;23;produce;2005
82;857;0.91;Robert Carrillo;UK;1959;Account right study.;Mystery;2014;18;bed;2012
380;95;5.68;Dakota Thompson;USA;1953;Even senior smile.;Fiction;1999;14;owner;1993
51;979;0.93;Bethany Harris;USA;1966;Help hotel condition cup.;Sci-Fi;1980;30;possible;1994
348;483;5.04;Eric Zimmerman;USA;1996;Last above.;Mystery;2014;38;maintain;1986
156;523;1.06;Garrett French;Canada;1976;Success must range church.;Fiction;1982;19;build;2000
20;996;3.71;Drew Garcia;Canada;1972;Increase concern suddenly eat.;Non-fiction;1992;41;beyond;2003
364;621;4.26;Deanna Simon;Canada;1993;Cold send.;Mystery;1990;5;operation;2005
266;52;3.57;Maxwell Boyd;UK;1976;Bed listen seek.;Non-fiction;1984;4;machine;1985
32;935;0.22;Heather Roberts;UK;1999;Reflect movement type.;Sci-Fi;1982;23;produce;2005
165;247;9.02;Lisa Wagner;Canada;1968;Be last.;Mystery;2012;27;sound;2022
101;105;4.76;Kyle Porter;USA;1970;Behind above take chair.;Fiction;1987;39;tend;1994
303;155;3.97;Robert Lopez;USA;1993;Effort firm.;Sci-Fi;1999;14;owner;1993
265;285;9.8;Mrs. Michelle Green MD;USA;1994;Action line.;Fiction;2002;1;security;1994
344;908;5.71;Timothy Rivas;Australia;1961;Score political.;Non-fiction;1998;24;generation;2009
247;240;1.43;Rebecca Thomas;UK;1951;Already not.;Mystery;2013;3;authority;2011
30;781;1.23;Stephen Martinez;UK;1962;Side station.;Mystery;2012;19;build;2000
193;996;4.81;Brad Cox;UK;1960;Increase concern suddenly eat.;Non-fiction;1992;41;beyond;2003
327;406;7.53;Tina Deleon;USA;1997;Through fall.;Sci-Fi;2017;7;exist;1992
200;617;5.51;Kelly Barron MD;Canada;1965;Machine day look such.;Non-fiction;1990;13;one;1986
71;316;7.91;Amanda Freeman;UK;1953;Rest.;Non-fiction;2021;31;indeed;2011
157;547;8.37;Charlene Kemp;Canada;1999;Ball another recognize.;Non-fiction;2022;27;sound;2022
217;436;6.78;Daniel Roberts DDS;UK;1962;West though.;Non-fiction;1994;39;tend;1994
282;537;8.94;Charles Salazar;Australia;1957;Girl serious hard.;Sci-Fi;2011;26;customer;2014
344;632;0.29;Timothy Rivas;Australia;1961;Family day notice.;Sci-Fi;2019;21;concern;2005
230;687;2.64;Mrs. Holly Simmons DVM;Canada;1968;Make none serious.;Fiction;1980;44;example;2005
206;107;7.22;Kristen Smith;Canada;1995;Describe likely.;Mystery;2018;19;build;2000
102;515;4.96;Charles Estes;USA;1965;Treat why rest.;Non-fiction;2003;5;operation;2005
131;160;4.53;Tiffany Edwards;Australia;1992;Do radio.;Non-fiction;2000;12;five;1993
72;225;4.68;Rebecca Maxwell;UK;1987;Group what.;Non-fiction;1995;46;drop;2005
126;639;6.26;Brenda Martinez;Canada;1962;Learn class green couple.;Fiction;1985;16;apply;1997
57;19;6.47;Timothy Whitaker;Australia;1997;Defense our.;Sci-Fi;1999;6;put;1993
376;640;2.53;Christina Douglas;UK;1977;Foreign prove I these.;Mystery;1981;27;sound;2022
143;882;2.71;Heather Love;Australia;1957;Fund allow six.;Mystery;2016;42;great;2005
168;431;3.3;Charles Wilson;USA;1965;College add deep.;Mystery;2001;18;bed;2012
200;257;4.13;Kelly Barron MD;Canada;1965;Number operation one.;Mystery;1987;45;live;1999
363;156;5.13;Natasha Delgado;Canada;1994;Product eight general.;Sci-Fi;2009;38;maintain;1986
204;462;9.24;Brady Garrett;Canada;1950;Too ability.;Non-fiction;2012;30;possible;1994
163;18;6.95;Jason Barrett;USA;1974;Light dog.;Mystery;2017;13;one;1986
341;421;3.33;Seth Berg;Canada;1961;Alone science.;Sci-Fi;2019;12;five;1993
120;147;2.54;Frances Smith;UK;1970;Each traditional bring.;Sci-Fi;1997;8;detail;1983
224;11;7.27;Gwendolyn Smith;UK;1967;Past television until.;Fiction;2011;38;maintain;1986
233;103;0.81;Nicole Campos;UK;1985;Pressure establish west.;Fiction;1994;7;exist;1992
182;899;8.29;Luis Haney;Australia;1952;Now seek.;Fiction;2021;4;machine;1985
4;431;3.93;Amy Ellis;Canada;1996;College add deep.;Mystery;2001;18;bed;2012
54;963;1.94;John Coleman;UK;1958;Reduce cup.;Non-fiction;2020;24;generation;2009
82;184;6.1;Robert Carrillo;UK;1959;Safe.;Fiction;2005;11;attorney;2002
13;87;9.15;Sheryl Porter;Australia;1951;Southern quite.;Mystery;2021;19;build;2000
379;255;4.43;Abigail Dean;Canada;1978;Throw final local.;Mystery;1986;1;security;1994
161;83;5.25;Christopher Hicks;Australia;1976;Purpose.;Mystery;2008;3;authority;2011
254;955;5.25;Jonathan Reed;Canada;1991;Trial little single story.;Fiction;1995;45;live;1999
359;194;2.5;Stephen Brooks;Canada;1960;Why enter ago reflect.;Fiction;2010;17;record;1982
331;977;5.7;Melissa Hernandez;UK;1984;Note too.;Mystery;1986;31;indeed;2011
133;387;1.14;Alexander Grant;Australia;1956;Air serve east for.;Fiction;1981;36;event;2005
2;343;9.1;Caleb Jones;Canada;1978;City century pretty able.;Non-fiction;1984;9;behind;1997
167;585;0.63;Melvin Smith;UK;1953;Specific interesting skin.;Mystery;2010;1;security;1994
13;919;7.13;Sheryl Porter;Australia;1951;Any much develop.;Fiction;2003;21;concern;2005
159;631;2.95;Mary Saunders;UK;1981;Tv account other.;Sci-Fi;1980;15;describe;1986
97;465;7.21;Bruce Howard;Australia;1952;Along save year.;Sci-Fi;1987;24;generation;2009
228;205;4.85;Nicholas Sims;Australia;1990;Manager.;Non-fiction;2016;11;attorney;2002
137;651;3.35;Jared Hughes;UK;1982;Adult itself.;Sci-Fi;1996;16;apply;1997
350;587;8.13;Victoria Willis;UK;1962;Rest but institution.;Fiction;1998;11;attorney;2002
308;187;3.71;Francisco Molina;Canada;1995;Through safe stage.;Sci-Fi;1993;34;hair;2004
114;602;0.98;Terry Webb;Canada;1970;Relate.;Mystery;1988;5;operation;2005
144;593;0.99;Holly Hahn;Australia;1953;Remain.;Non-fiction;2020;6;put;1993
109;854;1.18;Rebecca Turner;USA;1984;Morning that.;Mystery;1980;14;owner;1993
7;695;3.81;Jacob Reyes;UK;1984;Join.;Sci-Fi;1981;5;operation;2005
265;568;9.69;Mrs. Michelle Green MD;USA;1994;Push difficult usually.;Sci-Fi;1983;44;example;2005
365;779;1.09;Sean Howard;USA;1952;Sound day seek.;Mystery;1983;42;great;2005
398;315;6.66;Paul Smith;Canada;1952;Environment political machine.;Fiction;2011;4;machine;1985
104;611;4.19;Michelle Williams;Canada;1954;Speech standard.;Non-fiction;1997;38;maintain;1986
9;238;6.2;Kathleen Brock;USA;1957;Ok concern.;Mystery;2018;4;machine;1985
259;598;8.31;Hunter Rivera;Canada;1965;This occur director.;Sci-Fi;1991;21;concern;2005
219;865;5.6;Suzanne Lopez;USA;1988;Sound.;Mystery;2021;5;operation;2005
60;386;6.11;David Mendez;USA;1973;Capital sell usually.;Non-fiction;1996;49;road;1994
176;999;9.55;Angela Sanders;Canada;1982;Cut debate.;Sci-Fi;2004;11;attorney;2002
212;822;6.31;Kayla Garcia;USA;1950;Story nice.;Sci-Fi;1988;24;generation;2009
161;449;7.46;Christopher Hicks;Australia;1976;Force.;Sci-Fi;2007;44;example;2005
127;231;3.81;Eric York;USA;1972;City apply certainly positive.;Mystery;1998;40;at;2007
353;366;5.15;Jon Parker;Canada;1996;True measure.;Fiction;2010;19;build;2000
325;341;5.38;Hannah James;UK;1958;Real prove.;Mystery;1984;29;write;2013
1;987;4.68;David Richardson;UK;1965;Choice however morning.;Non-fiction;2008;33;social;2002
223;718;8.64;Natalie Haney;Australia;1985;Shoulder high floor.;Fiction;1981;50;bring;1999
91;617;7.86;Brian Graham;Australia;1987;Machine day look such.;Non-fiction;1990;13;one;1986
152;103;4.21;Vincent Williams;Canada;1994;Pressure establish west.;Fiction;1994;7;exist;1992
266;661;3.59;Maxwell Boyd;UK;1976;Nice west.;Sci-Fi;2009;39;tend;1994
50;823;1.82;Robert Knapp;USA;1994;Movement interest number.;Mystery;1985;39;tend;1994
383;166;8;Tammy Sheppard;USA;1997;Across provide open.;Sci-Fi;2009;43;list;2012
364;151;7.93;Deanna Simon;Canada;1993;Place guy.;Mystery;2012;22;seem;2013
3;325;7.32;Chelsea Palmer;UK;1987;Occur their dinner.;Sci-Fi;2013;38;maintain;1986
269;700;3.85;Teresa Butler;UK;1955;Strategy growth opportunity.;Non-fiction;1986;46;drop;2005
381;789;2.18;Eric Kelley;Canada;1991;Human outside course.;Non-fiction;1993;4;machine;1985
17;176;9.49;Sarah Valentine;Canada;1981;Who size.;Mystery;1986;48;high;2003
254;415;8.14;Jonathan Reed;Canada;1991;Experience between.;Sci-Fi;1987;34;hair;2004
122;856;0.2;Jason Forbes;USA;1979;Mr prepare system policy.;Sci-Fi;2014;47;his;1980
91;348;7.14;Brian Graham;Australia;1987;Hour where teach.;Non-fiction;2011;18;bed;2012
246;249;6.82;Timothy Hamilton;Canada;1998;Whole sense large.;Fiction;2001;38;maintain;1986
156;939;2.82;Garrett French;Canada;1976;Future second beat.;Mystery;1989;41;beyond;2003
10;330;6.02;Gregory Lee;Australia;1962;Quality event full.;Sci-Fi;2017;41;beyond;2003
203;839;0.55;Stacy Krueger;Canada;1970;Meet attention turn.;Sci-Fi;1995;5;operation;2005
134;256;9.99;Carmen Gordon;Canada;1960;Work.;Sci-Fi;2000;46;drop;2005
83;21;1.01;Nicole Mercado;Australia;1968;Concern reason.;Fiction;2001;28;those;1995
302;220;9.63;Dawn Nelson;Canada;1994;Pass forget ok.;Sci-Fi;1987;25;ever;1980
347;539;2.6;Sabrina Torres;USA;1959;Role develop evidence.;Fiction;1984;38;maintain;1986
4;427;9.55;Amy Ellis;Canada;1996;West possible he.;Non-fiction;1986;2;create;2020
38;443;8.44;Dawn Barrett;Australia;1958;Much reflect.;Fiction;1981;14;owner;1993
332;189;5.23;Kendra Carr;Canada;1950;Other head.;Fiction;1996;30;possible;1994
40;622;0.36;Victor Price;Australia;1991;Until pattern.;Fiction;1999;25;ever;1980
278;206;9.47;Kathleen Ward;UK;1959;Work lawyer risk.;Sci-Fi;1998;32;say;1998
262;551;1.6;Christopher Small;Australia;1983;Three meeting well.;Sci-Fi;1991;47;his;1980
361;977;2.59;Pamela Perkins;Australia;1950;Note too.;Mystery;1986;31;indeed;2011
200;5;5.12;Kelly Barron MD;Canada;1965;Than popular.;Mystery;1982;42;great;2005
307;194;2.2;Jason Ross;USA;1989;Why enter ago reflect.;Fiction;2010;17;record;1982
339;647;5.41;Megan King;Australia;1957;Beautiful defense.;Non-fiction;1984;1;security;1994
22;455;4.72;Meghan Ferguson;Canada;1982;Woman western require view.;Mystery;2011;38;maintain;1986
336;1;9.34;Johnny Schultz;USA;1998;Smile change.;Sci-Fi;2003;43;list;2012
193;277;6.71;Brad Cox;UK;1960;That exist over.;Sci-Fi;2015;19;build;2000
130;465;3.6;Susan Juarez;UK;1984;Along save year.;Sci-Fi;1987;24;generation;2009
19;231;5.55;Steve Johnson;Canada;1951;City apply certainly positive.;Mystery;1998;40;at;2007
206;960;7.71;Kristen Smith;Canada;1995;Hear image chance.;Non-fiction;1981;1;security;1994
273;927;6.41;Misty White;Canada;1953;Successful why.;Fiction;1986;16;apply;1997
221;370;1.12;Gabrielle Reid;USA;1995;Power small.;Mystery;2018;2;create;2020
279;364;7.31;Angela Fisher;Canada;1963;Set without break.;Mystery;2004;42;great;2005
396;686;8.8;Michael Simpson;Canada;1975;Option.;Mystery;2022;39;tend;1994
226;958;6.12;Joshua Davenport;UK;1974;Party six middle.;Fiction;2014;49;road;1994
99;533;6.36;Sandra Sullivan;Australia;1953;She rate perform.;Non-fiction;2010;38;maintain;1986
60;665;9.77;David Mendez;USA;1973;Radio civil.;Sci-Fi;2002;33;social;2002
12;59;9.79;James Wallace;USA;1974;Support bring analysis.;Mystery;2017;42;great;2005
314;199;2.05;John Kelley;UK;1974;Care none never.;Fiction;2009;19;build;2000
387;766;9.78;William Robbins;USA;1968;Receive.;Mystery;2017;29;write;2013
106;202;9.74;Savannah Craig;UK;1955;Direction politics.;Fiction;1997;21;concern;2005
383;601;7.14;Tammy Sheppard;USA;1997;Major.;Mystery;1997;27;sound;2022
283;258;2.23;Joshua Fisher;USA;1994;Allow either lot nature.;Mystery;2011;30;possible;1994
239;800;4.17;Traci Martin;USA;1973;May society.;Sci-Fi;2006;32;say;1998
361;493;1.35;Pamela Perkins;Australia;1950;Research increase himself.;Sci-Fi;2011;49;road;1994
54;682;7.48;John Coleman;UK;1958;Conference financial.;Non-fiction;2021;25;ever;1980
175;57;2.49;Monica Mcfarland;UK;1956;Structure describe.;Fiction;2011;49;road;1994
363;207;7.58;Natasha Delgado;Canada;1994;Somebody today moment.;Mystery;2018;25;ever;1980
384;102;8.57;Kellie Herrera;Canada;1993;Two some.;Mystery;1995;11;attorney;2002
76;331;4.68;John Quinn;Canada;1968;Sit their seat.;Fiction;2014;10;center;2005
351;316;1.76;Teresa Martinez;UK;1993;Rest.;Non-fiction;2021;31;indeed;2011
266;158;8.4;Maxwell Boyd;UK;1976;Matter everyone.;Sci-Fi;2019;40;at;2007
222;851;5.15;Tara Bailey;Canada;1968;Health police occur.;Sci-Fi;2000;6;put;1993
25;687;4.04;Chelsey Aguilar;UK;1960;Make none serious.;Fiction;1980;44;example;2005
266;216;8.8;Maxwell Boyd;UK;1976;Myself.;Non-fiction;1987;23;produce;2005
222;960;5.16;Tara Bailey;Canada;1968;Hear image chance.;Non-fiction;1981;1;security;1994
396;684;3.67;Michael Simpson;Canada;1975;Us response.;Mystery;1993;16;apply;1997
65;893;0.63;Cynthia Powell;USA;1964;Guess such central.;Non-fiction;2019;14;owner;1993
304;340;7.29;Dennis Murillo;Australia;1984;Follow whole better foot.;Sci-Fi;2022;40;at;2007
386;857;2.41;Kelli Ellis;UK;1957;Account right study.;Mystery;2014;18;bed;2012
156;14;0.92;Garrett French;Canada;1976;Strategy.;Non-fiction;2021;7;exist;1992
177;903;6.11;James Olson;Canada;1979;Moment party.;Mystery;2019;41;beyond;2003
134;475;8.04;Carmen Gordon;Canada;1960;Natural study somebody.;Non-fiction;1996;18;bed;2012
48;155;4.7;Nicole Payne;Australia;1979;Effort firm.;Sci-Fi;1999;14;owner;1993
117;417;9.09;Kevin Jackson;Australia;1953;Window key.;Sci-Fi;1985;9;behind;1997
88;431;9.45;Michael Miller;UK;1958;College add deep.;Mystery;2001;18;bed;2012
150;860;0.2;Jeffrey Wyatt;Canada;1951;Unit.;Non-fiction;2014;20;reality;2001
152;77;4.67;Vincent Williams;Canada;1994;Despite small guess.;Sci-Fi;1988;2;create;2020
228;661;4.54;Nicholas Sims;Australia;1990;Nice west.;Sci-Fi;2009;39;tend;1994
351;224;3.26;Teresa Martinez;UK;1993;Interview green later.;Non-fiction;1982;13;one;1986
167;229;6.16;Melvin Smith;UK;1953;Summer family action.;Non-fiction;1988;28;those;1995
86;767;9.66;Heidi Wheeler;USA;1993;Position rule dinner.;Fiction;2007;1;security;1994
384;326;1.46;Kellie Herrera;Canada;1993;Inside probably.;Fiction;2009;50;bring;1999
214;452;1.01;Anthony Gillespie;Canada;1968;Miss be nearly.;Fiction;2014;31;indeed;2011
232;376;0.87;Peggy Hodge;Australia;1984;Stage your.;Sci-Fi;1982;25;ever;1980
95;319;3.3;Michael Lopez;Canada;1954;Tough blue situation.;Fiction;1997;7;exist;1992
292;279;7.42;Melissa Taylor;Australia;1978;Remember our religious.;Fiction;1984;24;generation;2009
239;690;1.93;Traci Martin;USA;1973;Cover president arm.;Fiction;1988;15;describe;1986
36;907;9.63;Michael Black;Australia;1966;Choice they.;Sci-Fi;2007;32;say;1998
215;930;5.88;Dawn Lynch;USA;1990;Maybe story.;Sci-Fi;2022;4;machine;1985
96;24;1.12;Evelyn Cowan;USA;1950;A use happen.;Fiction;2015;24;generation;2009
152;777;7.69;Vincent Williams;Canada;1994;Understand call.;Sci-Fi;1982;21;concern;2005
290;762;7.81;Ronald Carter;USA;1972;Game security.;Mystery;1997;37;gun;2016
168;653;3.67;Charles Wilson;USA;1965;Past prevent on.;Non-fiction;2020;2;create;2020
106;790;2.92;Savannah Craig;UK;1955;Evening.;Mystery;2019;39;tend;1994
158;599;9.16;Anne Hayes;USA;1976;Official issue.;Mystery;1986;7;exist;1992
342;298;4.04;William Jensen;Canada;1993;Change nearly later.;Sci-Fi;1992;38;maintain;1986
175;477;9.93;Monica Mcfarland;UK;1956;Believe what few place.;Sci-Fi;1993;19;build;2000
162;50;1.94;Jesse Watson;USA;1990;Congress world whole.;Mystery;2009;40;at;2007
132;973;7.11;Troy Ferguson;Australia;1958;Call also up.;Sci-Fi;2006;42;great;2005
328;833;9.06;Martha Fox;Canada;1978;Itself teacher.;Mystery;2012;45;live;1999
273;209;3.03;Misty White;Canada;1953;Pattern nothing role.;Mystery;1999;38;maintain;1986
317;49;8.64;Christine Herring;Canada;1968;Strategy peace show.;Non-fiction;1991;41;beyond;2003
204;830;9.51;Brady Garrett;Canada;1950;Visit health once.;Non-fiction;1995;42;great;2005
192;494;3.24;Adrienne Norris DVM;UK;1983;These this in.;Non-fiction;2008;28;those;1995
384;428;9.39;Kellie Herrera;Canada;1993;Color win.;Fiction;2006;46;drop;2005
319;914;8.42;Stacy Monroe;UK;1964;Cold rest none industry.;Mystery;2016;18;bed;2012
240;275;4.22;Robert Jensen;UK;1958;Successful agency.;Mystery;1980;44;example;2005
173;442;7.19;Nicole Robinson;Australia;1979;Able health.;Non-fiction;2007;40;at;2007
324;602;5.57;Donald Vasquez;USA;1958;Relate.;Mystery;1988;5;operation;2005
233;264;8.03;Nicole Campos;UK;1985;Bank.;Sci-Fi;1981;17;record;1982
361;564;4.36;Pamela Perkins;Australia;1950;System buy fund.;Sci-Fi;2013;13;one;1986
221;76;6.01;Gabrielle Reid;USA;1995;Act.;Mystery;2000;2;create;2020
320;839;6.8;Ronald Weber;Canada;1991;Meet attention turn.;Sci-Fi;1995;5;operation;2005
355;274;2.74;Katie Olsen;Canada;1975;Left social travel.;Mystery;2011;17;record;1982
34;773;5.86;Brittany Murphy;Canada;1988;Century me suggest.;Sci-Fi;2001;40;at;2007
114;251;7.21;Terry Webb;Canada;1970;Safe apply close.;Fiction;2006;42;great;2005
168;369;7.11;Charles Wilson;USA;1965;But key.;Non-fiction;1991;11;attorney;2002
138;405;6.12;Jessica Williams;Canada;1951;Report east month.;Fiction;1987;16;apply;1997
231;968;7.35;Mr. Dustin Osborne DVM;USA;1974;Build company.;Non-fiction;2011;38;maintain;1986
295;730;1.69;Amy Dennis;UK;1959;Less soon half.;Fiction;1982;34;hair;2004
358;767;1.22;Jonathan Kelley;Australia;1991;Position rule dinner.;Fiction;2007;1;security;1994
130;999;3.16;Susan Juarez;UK;1984;Cut debate.;Sci-Fi;2004;11;attorney;2002
297;82;3.06;Monica Lopez;Canada;1966;Sit able.;Fiction;1988;29;write;2013
12;552;0.45;James Wallace;USA;1974;Sit.;Non-fiction;1992;19;build;2000
247;145;7.26;Rebecca Thomas;UK;1951;Something car.;Sci-Fi;2011;3;authority;2011
274;268;1.59;Kim Valencia;Australia;1967;Avoid offer.;Sci-Fi;2019;44;example;2005
277;623;7.36;Ruben Fleming;Australia;1969;Attorney same.;Fiction;1985;33;social;2002
270;177;5.75;John Ward;UK;1963;Crime blue strategy.;Mystery;1981;38;maintain;1986
236;507;7.45;Daniel Long;Australia;1993;Local.;Mystery;1982;36;event;2005
126;810;3.18;Brenda Martinez;Canada;1962;Personal human everyone.;Fiction;2011;4;machine;1985
82;739;9.25;Robert Carrillo;UK;1959;Exist you bed.;Mystery;2010;41;beyond;2003
126;960;8.74;Brenda Martinez;Canada;1962;Hear image chance.;Non-fiction;1981;1;security;1994
169;840;6.84;Brandy Mcdonald;USA;1996;Would still sit.;Mystery;2010;13;one;1986
156;667;4.49;Garrett French;Canada;1976;Player from early.;Mystery;2006;24;generation;2009
150;536;4.79;Jeffrey Wyatt;Canada;1951;Second consider.;Fiction;1987;11;attorney;2002
44;848;5.78;Adrian Moore;Canada;1991;Reach student.;Non-fiction;2018;50;bring;1999
167;744;1.5;Melvin Smith;UK;1953;Campaign.;Non-fiction;2019;15;describe;1986
361;824;6.1;Pamela Perkins;Australia;1950;Camera production artist.;Mystery;1994;43;list;2012
344;943;9.67;Timothy Rivas;Australia;1961;Billion majority.;Non-fiction;2002;32;say;1998
100;241;1.99;Daniel Hart;UK;1979;Market south goal seek.;Sci-Fi;2000;42;great;2005
191;231;0.83;Monique Benton DDS;Australia;1992;City apply certainly positive.;Mystery;1998;40;at;2007
157;49;9.45;Charlene Kemp;Canada;1999;Strategy peace show.;Non-fiction;1991;41;beyond;2003
286;762;2.03;Molly Thompson;Australia;1964;Game security.;Mystery;1997;37;gun;2016
45;911;7.96;Denise Williams;USA;1983;Crime say.;Sci-Fi;2015;23;produce;2005
157;944;8.3;Charlene Kemp;Canada;1999;Party response run.;Mystery;2003;3;authority;2011
341;961;9.63;Seth Berg;Canada;1961;Almost piece fund.;Fiction;2021;14;owner;1993
363;692;6.91;Natasha Delgado;Canada;1994;Live color yourself.;Mystery;1992;12;five;1993
220;949;6.34;Christopher Phillips;USA;1957;Room.;Non-fiction;1996;15;describe;1986
192;527;5.55;Adrienne Norris DVM;UK;1983;Ok back.;Fiction;1996;40;at;2007
146;577;5.29;Mark Cardenas;Australia;1991;Rest view.;Fiction;1983;10;center;2005
81;761;6.62;Jared Campbell;Australia;1988;Account claim culture.;Fiction;2006;1;security;1994
316;651;5.86;Edward Lopez;USA;1965;Adult itself.;Sci-Fi;1996;16;apply;1997
195;680;1.09;Thomas Patel;USA;1959;Field moment language.;Non-fiction;1997;3;authority;2011
141;207;1.87;Samantha Baker;USA;1961;Somebody today moment.;Mystery;2018;25;ever;1980
157;104;3.55;Charlene Kemp;Canada;1999;Happen recently serious.;Non-fiction;2006;12;five;1993
400;578;5.05;Austin Fitzgerald;Canada;1991;His face several.;Fiction;1994;32;say;1998
72;832;3.85;Rebecca Maxwell;UK;1987;Hair.;Mystery;2013;36;event;2005
50;180;1.07;Robert Knapp;USA;1994;Well majority social.;Mystery;1990;33;social;2002
163;959;7.2;Jason Barrett;USA;1974;Personal easy.;Mystery;2010;26;customer;2014
255;239;3.44;Jennifer Diaz;Australia;1980;Seem.;Non-fiction;1998;6;put;1993
320;834;1.05;Ronald Weber;Canada;1991;Kid.;Fiction;2001;32;say;1998
64;229;7.19;John Mccoy Jr.;Canada;1961;Summer family action.;Non-fiction;1988;28;those;1995
81;516;5.84;Jared Campbell;Australia;1988;Who class always.;Sci-Fi;2002;7;exist;1992
26;526;6.29;Aaron Myers;USA;1959;Animal.;Fiction;1988;39;tend;1994
305;571;8.13;Kristen Brown;UK;1986;Open cell.;Mystery;1986;32;say;1998
1;472;5.02;David Richardson;UK;1965;Event discussion security.;Mystery;1990;7;exist;1992
339;462;4.49;Megan King;Australia;1957;Too ability.;Non-fiction;2012;30;possible;1994
205;15;7.27;Matthew Burke;USA;1972;Pretty staff education.;Fiction;1991;34;hair;2004
36;934;1.85;Michael Black;Australia;1966;Voice.;Mystery;2013;16;apply;1997
238;487;7.65;Julie Fuller;Australia;1993;Woman already space.;Sci-Fi;2006;14;owner;1993
297;273;4.79;Monica Lopez;Canada;1966;Culture section hotel happy.;Sci-Fi;2011;45;live;1999
34;21;0.37;Brittany Murphy;Canada;1988;Concern reason.;Fiction;2001;28;those;1995
146;114;5.47;Mark Cardenas;Australia;1991;Leave.;Fiction;1995;30;possible;1994
375;228;3.29;David Wright;USA;1952;Chair defense friend.;Fiction;2022;21;concern;2005
11;96;7.33;Paul Weeks;Canada;1990;Game right tax.;Sci-Fi;1989;30;possible;1994
184;640;0.92;Elizabeth Ponce;Canada;1956;Foreign prove I these.;Mystery;1981;27;sound;2022
355;421;6.62;Katie Olsen;Canada;1975;Alone science.;Sci-Fi;2019;12;five;1993
294;829;5.2;Gerald Garcia;Canada;1984;Possible term.;Mystery;2018;38;maintain;1986
175;382;5.18;Monica Mcfarland;UK;1956;See six down.;Mystery;2016;15;describe;1986
30;657;3.12;Stephen Martinez;UK;1962;Successful environment.;Fiction;1997;18;bed;2012
126;320;1.1;Brenda Martinez;Canada;1962;Those rest.;Non-fiction;1990;1;security;1994
58;542;6.2;Lauren Anderson;UK;1985;Model arrive.;Sci-Fi;2022;23;produce;2005
92;788;3.62;Mary Shaw;Canada;1972;Western condition.;Non-fiction;2000;50;bring;1999
135;921;2.6;Lisa Fisher;Canada;1984;Election design series.;Fiction;1995;22;seem;2013
370;593;4.62;Brenda Scott;UK;1982;Remain.;Non-fiction;2020;6;put;1993
73;991;0.73;Danielle Barnes;UK;1971;Along weight.;Non-fiction;2002;35;wall;2019
122;76;5.51;Jason Forbes;USA;1979;Act.;Mystery;2000;2;create;2020
342;841;7.75;William Jensen;Canada;1993;Could Mr deal.;Non-fiction;1995;36;event;2005
100;231;8.3;Daniel Hart;UK;1979;City apply certainly positive.;Mystery;1998;40;at;2007
247;394;3.19;Rebecca Thomas;UK;1951;Parent.;Mystery;2014;15;describe;1986
223;831;5.89;Natalie Haney;Australia;1985;Event suggest.;Fiction;2022;27;sound;2022
231;985;9.75;Mr. Dustin Osborne DVM;USA;1974;Defense.;Non-fiction;2017;19;build;2000
15;886;5.59;Robert Roach;Canada;1962;Rather.;Mystery;1986;27;sound;2022
175;468;1.59;Monica Mcfarland;UK;1956;Research performance American.;Non-fiction;1985;20;reality;2001
128;851;9.38;Samuel Harris;Australia;1951;Health police occur.;Sci-Fi;2000;6;put;1993
126;292;9.56;Brenda Martinez;Canada;1962;Pretty always.;Non-fiction;2021;21;concern;2005
330;858;8.45;Patricia Francis;UK;1974;Recently song indeed.;Sci-Fi;1981;41;beyond;2003
398;185;4.09;Paul Smith;Canada;1952;Fire rock read.;Sci-Fi;1990;4;machine;1985
289;137;3.81;Debbie Morales;USA;1999;However against.;Sci-Fi;2007;33;social;2002
394;84;1.24;Sharon Gross MD;Australia;1985;Hard family.;Sci-Fi;2010;10;center;2005
2;93;3.2;Caleb Jones;Canada;1978;Western.;Sci-Fi;1993;4;machine;1985
77;128;3.1;Kenneth Miller;Canada;1963;Make than.;Mystery;2013;41;beyond;2003
217;17;1.36;Daniel Roberts DDS;UK;1962;Authority wear do.;Non-fiction;2002;22;seem;2013
364;840;4.91;Deanna Simon;Canada;1993;Would still sit.;Mystery;2010;13;one;1986
10;429;0.32;Gregory Lee;Australia;1962;Half plan expect.;Mystery;2007;38;maintain;1986
399;989;4.96;Tom Adams;USA;1950;Political.;Sci-Fi;2018;21;concern;2005
257;362;5.2;Valerie Johnson;UK;1960;Tell property which.;Fiction;1993;10;center;2005
273;363;0.64;Misty White;Canada;1953;Detail system.;Mystery;1989;32;say;1998
104;578;1.17;Michelle Williams;Canada;1954;His face several.;Fiction;1994;32;say;1998
75;638;2.46;Wayne Hart;Australia;1993;Left source around.;Sci-Fi;2007;22;seem;2013
275;465;4.37;Shirley Webster;Australia;1959;Along save year.;Sci-Fi;1987;24;generation;2009
336;965;8.97;Johnny Schultz;USA;1998;Voice play record.;Sci-Fi;1981;33;social;2002
61;741;1.89;Kimberly Francis;UK;1958;Population free.;Non-fiction;2003;46;drop;2005
17;44;3.37;Sarah Valentine;Canada;1981;Southern meet.;Mystery;2000;25;ever;1980
360;474;4.83;Pamela Fitzgerald;UK;1964;Expert job ago surface.;Fiction;1981;42;great;2005
123;975;2.67;Timothy Good;Canada;1980;Station suggest after.;Non-fiction;2008;47;his;1980
129;443;9.32;Jessica Barber;Australia;1962;Much reflect.;Fiction;1981;14;owner;1993
165;35;6.57;Lisa Wagner;Canada;1968;Phone anything.;Mystery;2009;9;behind;1997
299;962;1.63;Richard Allison;USA;1954;Area particularly spring.;Fiction;2013;6;put;1993
228;499;1.49;Nicholas Sims;Australia;1990;Garden both.;Mystery;1993;8;detail;1983
360;369;2.62;Pamela Fitzgerald;UK;1964;But key.;Non-fiction;1991;11;attorney;2002
273;473;6.03;Misty White;Canada;1953;Money today soldier.;Mystery;1993;13;one;1986
163;885;5.46;Jason Barrett;USA;1974;Property court sort.;Fiction;2007;27;sound;2022
221;463;1.63;Gabrielle Reid;USA;1995;Field improve.;Fiction;2011;14;owner;1993
174;243;7.05;Timothy Walter;USA;1986;When.;Mystery;2002;13;one;1986
271;892;9.19;Gregory Fowler;USA;1972;Various million even.;Sci-Fi;1991;13;one;1986
239;606;1.62;Traci Martin;USA;1973;Century tough.;Mystery;2001;38;maintain;1986
